acType,Model,Aircraft Type Designator,Class,ICAO WTC,Climb,Svc Ceiling ft,,
A10,A-10 Thunderbolt 2,A10,Landplane,Medium,4800,45000,,
"A10, FAIRCHILD (1), A-10 Thunderbolt 2",A-10 Thunderbolt 2,A10,Landplane,Medium,4800,45000,,
"A10, FAIRCHILD (1), Thunderbolt 2",A-10 Thunderbolt 2,A10,Landplane,Medium,4800,45000,,
A109,A-109,A109,Helicopter,Light,1600,20000,,
"A109, AGUSTA, A-109",A-109,A109,Helicopter,Light,1600,20000,,
"A109, AGUSTA, A-109 Grand",A-109 Grand,A109,Helicopter,Light,1600,20000,,
"A109, AGUSTA, A-109 Power",A-109 Power,A109,Helicopter,Light,1600,20000,,
"A109,A-109",A-109,A109,Helicopter,Light,1600,20000,,
A119,A-119 Koala,A119,Helicopter,Light,1500,20000,,
"A119, AGUSTA, A-119 Koala",A-119 Koala,A119,Helicopter,Light,1500,20000,,
"A119, AGUSTA, AW-119 Koala",AW-119 Koala,A119,Helicopter,Light,1500,20000,,
"A119, AGUSTA, Koala",A-119 Koala,A119,Helicopter,Light,1500,20000,,
AW119,AW-119 Koala,A119,Helicopter,Light,1500,20000,,
"A124, ANTONOV, An-124 Ruslan",An-124 Ruslan,A124,Landplane,Heavy,2200,39400,,
A139,AW-139,A139,Helicopter,Light,1700,20000,,
"A139, AGUSTA, AB-139",AB-139,A139,Helicopter,Light,1700,20000,,
"A139, BELL-AGUSTA, AB-139",AB-139,A139,Helicopter,Light,1700,20000,,
A20,A-20 Havoc,A20,Landplane,Medium,1100,23700,,
A20N,A-320neo,A20N,Landplane,Medium,,41000,,
A21N,A-321neo,A21N,Landplane,Medium,,41000,,
A21N Airbus A321neo,A-321neo,A21N,Landplane,Medium,,41000,,
"A21N, Airbus, A321neo",A-321neo,A21N,Landplane,Medium,,41000,,
a300,A-300B4-600,A306,Landplane,Heavy,3000,40000,,
A306,A-300B4-600,A306,Landplane,Heavy,3000,40000,,
A306 AIRBUS A-300C4-600,A-300C4-600,A306,Landplane,Heavy,3000,40000,,
"A306, AIRBUS, A-300B4-600",A-300B4-600,A306,Landplane,Heavy,3000,40000,,
"A306, AIRBUS, A-300C4-600",A-300C4-600,A306,Landplane,Heavy,3000,40000,,
"A306, AIRBUS, A-300F4-600",A-300C4-600,A306,Landplane,Heavy,3000,40000,,
"A306,A-300C4-600",A-300C4-600,A306,Landplane,Heavy,3000,40000,,
A308,A-300B4-600,A306,Landplane,Heavy,3000,40000,,
"A30B, AIRBUS, A-300B2",A-300B2,A30B,Landplane,Heavy,3000,40000,,
"A31, AVANTAGE, A-31 Spectrum",A-31 Spectrum,A31,Landplane,Light,1000,14400,,
A310 AIRBUS A-310,A-310,A310,Landplane,Heavy,3000,41000,,
"A310, AIRBUS, A-310",A-310,A310,Landplane,Heavy,3000,41000,,
"A318, AIRBUS, A-318",A-318,A318,Landplane,Medium,3500,41000,,
A319,A-319,A319,Landplane,Medium,3500,41000,,
A319 AIRBUS A-319 ACJ,A-319 ACJ,A319,Landplane,Medium,3500,41000,,
"A319, AIRBUS, A-319",A-319,A319,Landplane,Medium,3500,41000,,
"A319, AIRBUS, A-319 ACJ",A-319 ACJ,A319,Landplane,Medium,3500,41000,,
"A319, AIRBUS, VC-1 ACJ",A-319 ACJ,A319,Landplane,Medium,3500,41000,,
"A319,A-319 ACJ",A-319 ACJ,A319,Landplane,Medium,3500,41000,,
a320,A-320,A320,Landplane,Medium,3500,39800,,
A320 AIRBUS A-320,A-320,A320,Landplane,Medium,3500,39800,,
"A320, AIRBUS, A-320",A-320,A320,Landplane,Medium,3500,39800,,
"A320,A-320",A-320,A320,Landplane,Medium,3500,39800,,
a321,A-321,A321,Landplane,Medium,3500,39800,,
A321 AIRBUS A-321,A-321,A321,Landplane,Medium,3500,39800,,
"A321, AIRBUS, A-321",A-321,A321,Landplane,Medium,3500,39800,,
"A321,A-321",A-321,A321,Landplane,Medium,3500,39800,,
A330,A-330-200,A332,Landplane,Heavy,3000,41300,,
A3306,A-330-200,A332,Landplane,Heavy,3000,41300,,
A332,A-330-200,A332,Landplane,Heavy,3000,41300,,
A332 AIRBUS A-330-200,A-330-200,A332,Landplane,Heavy,3000,41300,,
"A332, AIRBUS, A-330-200",A-330-200,A332,Landplane,Heavy,3000,41300,,
"A333, AIRBUS, A-330-300",A-330-300,A333,Landplane,Heavy,3000,41300,,
"A333,A-330-300",A-330-300,A333,Landplane,Heavy,3000,41300,,
A339,A-330-900,A339,Landplane,Heavy,,,,
"A342, AIRBUS, A-340-200",A-340-200,A342,Landplane,Heavy,3000,41100,,
A343,A-340-300,A343,Landplane,Heavy,3000,41100,,
"A343, AIRBUS, A-340-300",A-340-300,A343,Landplane,Heavy,3000,41100,,
"A346, AIRBUS, A-340-600",A-340-300,A343,Landplane,Heavy,3000,41100,,
A350,A-350-900 XWB,A359,Landplane,Heavy,,43000,,
A359,A-350-900 XWB,A359,Landplane,Heavy,,43000,,
"A359, Airbus, A-359",A-350-900 XWB,A359,Landplane,Heavy,,43000,,
A35K,A-350-1000 XWB,A35K,Landplane,Heavy,,,,
A388,A-380-800,A388,Landplane,Heavy,3000,43000,,
"A388, AIRBUS, A-380-800",A-380-800,A388,Landplane,Heavy,3000,43000,,
"A6, GRUMMAN, A-6 Intruder",A-6 Intruder,A6,Landplane,Medium,7500,41200,,
AA1,AA-1 Tr2,AA1,Landplane,Light,600,13800,,
AA5,AA-5 Traveler,AA5,Landplane,Light,700,13800,,
"AA5, AMERICAN GENERAL, AG-5 Tiger",AG-5 Tiger,AA5,Landplane,Light,700,13800,,
"AA5, AMERICAN, AA-5 Traveler",AA-5 Traveler,AA5,Landplane,Light,700,13800,,
"AA5, GRUMMAN AMERICAN, AA-5 Traveler",AA-5 Traveler,AA5,Landplane,Light,700,13800,,
"AA5, GULFSTREAM AMERICAN, Cheetah",Cheetah,AA5,Landplane,Light,700,13800,,
AC11,Commander 114,AC11,Landplane,Light,900,25000,,
"AC11, COMMANDER, Commander 114",Commander 114,AC11,Landplane,Light,900,25000,,
AC50,Commander 500,AC50,Landplane,Light,1100,19400,,
AC50 AERO (1) Commander 500,Commander 500,AC50,Landplane,Light,1100,19400,,
"AC50, AERO (1), Commander 500",Commander 500,AC50,Landplane,Light,1100,19400,,
"AC56, AERO (1), Commander 560",Commander 560,AC56,Landplane,Light,1400,19400,,
"AC68, AERO COMMANDER, Commander 680FP",Commander 680FP,AC68,Landplane,Light,1200,25000,,
"AC6L, ROCKWELL, Commander 685",Commander 685,AC6L,Landplane,Light,1200,25000,,
AC90,690 Jetprop Commander 840,AC90,Landplane,Light,2300,33000,,
"AC90, GULFSTREAM AEROSPACE, 690 Jetprop Commander 840",690 Jetprop Commander 840,AC90,Landplane,Light,2300,33000,,
"AC90, GULFSTREAM AEROSPACE, Jetprop Commander 900",690 Jetprop Commander 900,AC90,Landplane,Light,2300,33000,,
AC95,695 Jetprop Commander 1000,AC95,Landplane,Light,2200,35000,,
"AC95, GULFSTREAM AEROSPACE, 695 Jetprop Commander 1000",695 Jetprop Commander 1000,AC95,Landplane,Light,2200,35000,,
"AE45, AERO (2), 45",45,AE45,Landplane,Light,800,19400,,
"AEST, AEROSTAR (1), 600",600,AEST,Landplane,Light,1500,28000,,
"AEST, PIPER, Aerostar",Aerostar,AEST,Landplane,Light,1500,28000,,
PA60,PA-60 Aerostar,AEST,Landplane,Light,1500,28000,,
"PA60, PIPER, AEROSTAR",PA-60 Aerostar,AEST,Landplane,Light,1500,28000,,
"AG02, GATARD, Poussin",Poussin,AG02,Landplane,Light,400,,,
"AJET, AOI, Alpha Jet",Alpha Jet,AJET,Landplane,Medium,5000,48000,,
"AS02, FFA, AS-202-15 Bravo",AS-202-15 Bravo,AS02,Landplane,Light,700,,,
"AS02, FFA, AS-202-26 Bravo",AS-202-26 Bravo,AS02,Landplane,Light,700,,,
AS25,ASH-25E,AS25,Landplane,Light,,,,
"AS25, SCHLEICHER, ASH-25E",ASH-25E,AS25,Landplane,Light,,,,
AS32,AS-332L Super Puma,AS32,Helicopter,Medium,1200,15100,,
"AS32, AEROSPATIALE, AS-332 Super Puma",AS-332L Super Puma,AS32,Helicopter,Medium,1200,15100,,
"AS32, AEROSPATIALE, AS-332L Super Puma",AS-332L Super Puma,AS32,Helicopter,Medium,1200,15100,,
"AS3B, AEROSPATIALE, Super Puma Mk2",AS-332L2 Super Puma Mk2,AS3B,Helicopter,Medium,1300,17000,,
AS350,AS-350 AStar,AS50,Helicopter,Light,1000,17300,,
AS350 EUROCOPTER AS350,AS-350 AStar,AS50,Helicopter,Light,1000,17300,,
"AS350, EUROCOPTER, AS350",AS-350 AStar,AS50,Helicopter,Light,1000,17300,,
"AS350,AS350",AS-350 AStar,AS50,Helicopter,Light,1000,17300,,
AS50,AS-350 AStar,AS50,Helicopter,Light,1000,17300,,
AS50 AEROSPATIALE AS-350 AStar,AS-350 AStar,AS50,Helicopter,Light,1000,17300,,
"AS50, AEROSPATIALE, AS-350 AStar",AS-350 AStar,AS50,Helicopter,Light,1000,17300,,
"AS50, AEROSPATIALE, AS-350 Ecureuil",AS-350 Ecureuil,AS50,Helicopter,Light,1000,17300,,
"AS50, AEROSPATIALE, AS-350 SuperStar",AS-350 SuperStar,AS50,Helicopter,Light,1000,17300,,
"AS50, EUROCOPTER, AS-350 AStar",AS-350 AStar,AS50,Helicopter,Light,1000,17300,,
"AS50, EUROCOPTER, AStar",AStar,AS50,Helicopter,Light,1000,17300,,
"AS50,AS-350 AStar",AS-350 AStar,AS50,Helicopter,Light,1000,17300,,
H125,H-125 Ecureuil,AS50,Helicopter,Light,1000,17300,,
AS55,AS-355 Ecureuil 2,AS55,Helicopter,Light,1000,13400,,
"AS55, AEROSPATIALE, AS-355 Ecureuil 2",AS-355 Ecureuil 2,AS55,Helicopter,Light,1000,13400,,
"AS55, EUROCOPTER, Ecureuil 2",AS-355 Ecureuil 2,AS55,Helicopter,Light,1000,13400,,
AS65,AS-366 Dolphin,AS65,Helicopter,Light,1100,15400,,
AS65 AEROSPATIALE AS-366 Dolphin,AS-366 Dolphin,AS65,Helicopter,Light,1100,15400,,
"AS65, AEROSPATIALE, ""Dauphin 2 (AS-365, SA-365F/N)""",AS-365 Dauphin 2,AS65,Helicopter,Light,1100,15400,,
"AS65, AEROSPATIALE, AS-365 Dauphin 2",AS-365 Dauphin 2,AS65,Helicopter,Light,1100,15400,,
"AS65, AEROSPATIALE, AS-366 Dolphin",AS-366 Dolphin,AS65,Helicopter,Light,1100,15400,,
"AS65, EUROCOPTER, AS-365 Dauphin 2",AS-365 Dauphin 2,AS65,Helicopter,Light,1100,15400,,
"AS65,AS-366 Dolphin",AS-366 Dolphin,AS65,Helicopter,Light,1100,15400,,
H65,HH-65 Dolphin,AS65,Helicopter,Light,1100,15400,,
"H66, SIKORSKY, Comanche",SA-366 Dolphin,AS65,Helicopter,Light,1100,15400,,
HH65,HH-65 Dolphin,AS65,Helicopter,Light,1100,15400,,
"HH65, Aerospatiale, Dolphin",HH-65 Dolphin,AS65,Helicopter,Light,1100,15400,,
MH65,HH-65 Dolphin,AS65,Helicopter,Light,1100,15400,,
ASTR,1125 Astra,ASTR,Landplane,Medium,3000,45000,,
"ASTR, IAI, 1125 Astra",1125 Astra,ASTR,Landplane,Medium,3000,45000,,
AT3,AT-3 Tzu-Chung,AT3,Landplane,Medium,8000,48000,,
AT43,ATR-42-300,AT43,Landplane,Medium,2000,,,
AT43 AERITALIA ATR-42-200,ATR-42-300,AT43,Landplane,Medium,2000,,,
"AT43, AERITALIA, ATR-42-200",ATR-42-300,AT43,Landplane,Medium,2000,,,
"AT45, AEROSPATIALE, ATR-42-500",ATR-42-500,AT45,Landplane,Medium,2000,25000,,
AT72,ATR-72-201,AT72,Landplane,Medium,,25000,,
"AT72, AERITALIA, ATR-72",ATR-72-201,AT72,Landplane,Medium,,25000,,
"AT72, AEROSPATIALE, ATR-72",ATR-72-201,AT72,Landplane,Medium,,25000,,
"AT72, ATR, ATR-72",ATR-72-201,AT72,Landplane,Medium,,25000,,
"AT72,ATR-72",ATR-72-201,AT72,Landplane,Medium,,25000,,
AT73,ATR-72-211,AT73,Landplane,Medium,,25000,,
AT75,ATR-72-212A (500),AT75,Landplane,Medium,,25000,,
"AT8T, AIR TRACTOR, AT-802",AT-802,AT8T,Landplane,Light/Medium,700,13000,,
B06,AB-206 JetRanger,B06,Helicopter,Light,1100,18900,,
B06 AGUSTA AB-206 JetRanger,AB-206 JetRanger,B06,Helicopter,Light,1100,18900,,
"B06, AGUSTA, AB-206 JetRanger",AB-206 JetRanger,B06,Helicopter,Light,1100,18900,,
"B06, AGUSTA, AB-206 LongRanger",AB-206 LongRanger,B06,Helicopter,Light,1100,18900,,
"B06, AGUSTA, Hkp6 JetRanger",Hkp6 JetRanger,B06,Helicopter,Light,1100,18900,,
"B06, AGUSTA, JetRanger",JetRanger,B06,Helicopter,Light,1100,18900,,
"B06, AGUSTA, LongRanger",LongRanger,B06,Helicopter,Light,1100,18900,,
"B06, BELL, 206A JetRanger",206A JetRanger,B06,Helicopter,Light,1100,18900,,
"B06, BELL, 206B JetRanger",206B JetRanger,B06,Helicopter,Light,1100,18900,,
"B06, BELL, 206L LongRanger",206L LongRanger,B06,Helicopter,Light,1100,18900,,
"B06, BELL, 406",406,B06,Helicopter,Light,1100,18900,,
"B06,AB-206 JetRanger",AB-206 JetRanger,B06,Helicopter,Light,1100,18900,,
B206,206B JetRanger,B06,Helicopter,Light,1100,18900,,
"B206, Bell, Bell-206",206B JetRanger,B06,Helicopter,Light,1100,18900,,
H57,TH-57 SeaRanger,B06,Helicopter,Light,1100,18900,,
OH58,OH-58 Kiowa,B06,Helicopter,Light,1100,18900,,
"OH58, BELL, KIOWA",OH-58 Kiowa,B06,Helicopter,Light,1100,18900,,
TH57,TH-57 SeaRanger,B06,Helicopter,Light,1100,18900,,
TH67,TH-67 Creek,B06,Helicopter,Light,1100,18900,,
"B06T, BELL, TwinRanger",TwinRanger,B06T,Helicopter,Light,1100,15800,,
"B1, ROCKWELL, B-1 Lancer",B-1 Lancer,B1,Landplane,Heavy,3000,,,
"B105, EUROCOPTER, BO-105 Super Five",BO-105 Super Five,B105,Helicopter,Light,1500,20000,,
"B14C, BELLANCA, Bellanca 260C",14 Bellanca 260C,B14C,Landplane,Light,1500,22500,,
B190,1900,B190,Landplane,Medium,2100,33000,,
B190 RAYTHEON 1900,1900,B190,Landplane,Medium,2100,33000,,
"B190, BEECH, 1900",1900,B190,Landplane,Medium,2100,33000,,
"B190, BEECH, C-12J",C-12J,B190,Landplane,Medium,2100,33000,,
"B190, RAYTHEON, 1900",1900,B190,Landplane,Medium,2100,33000,,
B1900,1900,B190,Landplane,Medium,2100,33000,,
"B212, AGUSTA, AB-212",AB-212,B212,Helicopter,Light,1400,17000,,
B222,222,B222,Helicopter,Light,1500,18900,,
"B222, BELL, 222",222,B222,Helicopter,Light,1500,18900,,
"B230, BELL, 230",230,B230,Helicopter,Light,1600,10000,,
"B305, BRANTLY, 305",305,B305,Helicopter,Light,1300,12000,,
B350,300 (B300) Super King Air 350,B350,Landplane,Light/Medium,2200,35000,,
"B350, BEECH, 300 (B300) Super King Air 350",300 (B300) Super King Air 350,B350,Landplane,Light/Medium,2200,35000,,
"B350, BEECH, Super King Air 350",Super King Air 350,B350,Landplane,Light/Medium,2200,35000,,
"B350, RAYTHEON, 300 (B300) Super King Air 350",300 (B300) Super King Air 350,B350,Landplane,Light/Medium,2200,35000,,
B37,737 MAX 7,B37M,Landplane,Medium,,,,
B38M,737 MAX 8,B38M,Landplane,Medium,,,,
"B38M, BOEING, 737 MAX 8",737 MAX 8,B38M,Landplane,Medium,,,,
B407,407,B407,Helicopter,Light,,20000,,
B407 BELL 407,407,B407,Helicopter,Light,,20000,,
"B407, BELL, 407",407,B407,Helicopter,Light,,20000,,
"B407,407",407,B407,Helicopter,Light,,20000,,
"B412, BELL, 412",AB-412,B412,Helicopter,Light,1400,17700,,
B429,429 GlobalRanger,B429,Helicopter,Light,1500,16200,,
"B429, BELL, 429 GlobalRanger",429 GlobalRanger,B429,Helicopter,Light,1500,16200,,
B430,430,B430,Helicopter,Light,1500,18300,,
B430 BELL 430,430,B430,Helicopter,Light,1500,18300,,
"B430, BELL, 430",430,B430,Helicopter,Light,1500,18300,,
"B52, BOEING, B-52 Stratofortress",B-52 Stratofortress,B52,Landplane,Heavy,2000,55000,,
"B60, BOISAVIA, B-60 Mercurey",B-60 Mercurey,B60,Landplane,Light,700,18000,,
"B609, AGUSTA, BA-609",BA-609,B609,Tiltrotor,Medium,1200,25000,,
"B701, BOEING, 707-100",707-100,B701,Landplane,Medium,3500,39000,,
B703,707-300,B703,Landplane,Heavy,3500,42000,,
"B703, BOEING, 707-300",707-300,B703,Landplane,Heavy,3500,42000,,
"B703, BOEING, KC-137",KC-137,B703,Landplane,Heavy,3500,42000,,
"B703,707-300",707-300,B703,Landplane,Heavy,3500,42000,,
B712,717-200,B712,Landplane,Medium,3000,37000,,
B712 BOEING 717-200,717-200,B712,Landplane,Medium,3000,37000,,
"B712, BOEING, 717-200",717-200,B712,Landplane,Medium,3000,37000,,
"B712, BOEING, 717-200 Business Express",717-200 Business Express,B712,Landplane,Medium,3000,37000,,
"B712,717-200",717-200,B712,Landplane,Medium,3000,37000,,
b717,717-200,B712,Landplane,Medium,4000,37000,,
B727,727-100,B721,Landplane,Medium,2000,36100,,
B722,727-200,B722,Landplane,Medium,2000,42000,,
B722 BOEING 727-200,727-200,B722,Landplane,Medium,2000,42000,,
"B722, BOEING, 727-200",727-200,B722,Landplane,Medium,2000,42000,,
B731 BOEING 737-100,737-200,B732,Landplane,Medium,3000,37000,,
"B731, BOEING, 737-100",737-200,B732,Landplane,Medium,3000,37000,,
B732,737-200,B732,Landplane,Medium,3000,37000,,
B732 BOEING 737-200,737-200,B732,Landplane,Medium,3000,37000,,
"B732, BOEING, 737-200",737-200,B732,Landplane,Medium,3000,37000,,
"B732,737-200",737-200,B732,Landplane,Medium,3000,37000,,
B733,737-300,B733,Landplane,Medium,2500,37000,,
B733 BOEING 737-300,737-300,B733,Landplane,Medium,2500,37000,,
"B733, BOEING, 737-300",737-300,B733,Landplane,Medium,2500,37000,,
"B733,737-300",737-300,B733,Landplane,Medium,2500,37000,,
B734,737-400,B734,Landplane,Medium,3000,37000,,
B734 BOEING 737-400,737-400,B734,Landplane,Medium,3000,37000,,
"B734, BOEING, 737-400",737-400,B734,Landplane,Medium,3000,37000,,
"B735, BOEING, 737-500",737-500,B735,Landplane,Medium,2500,37000,,
B736,737-600,B736,Landplane,Medium,4000,41000,,
B736 BOEING 737-600,737-600,B736,Landplane,Medium,4000,41000,,
"B736, BOEING, 737-600",737-600,B736,Landplane,Medium,4000,41000,,
B737,737-700,B737,Landplane,Medium,4000,41000,,
B737 BOEING 737-700,737-700,B737,Landplane,Medium,4000,41000,,
B737 BOEING 737-700 ,737-700,B737,Landplane,Medium,4000,41000,,
B737 BOEING 737-700 BBJ,737-700 BBJ,B737,Landplane,Medium,4000,41000,,
"B737, BOEING, 737-700",737-700,B737,Landplane,Medium,4000,41000,,
"B737, BOEING, 737-700 ",737-700,B737,Landplane,Medium,4000,41000,,
"B737, BOEING, 737-700 BBJ",737-700 BBJ,B737,Landplane,Medium,4000,41000,,
"B737, BOEING, BBJ",BBJ (737-700),B737,Landplane,Medium,4000,41000,,
"B737, BOEING, C-40",C-40,B737,Landplane,Medium,4000,41000,,
"B737, BOEING, C-40 Clipper",C-40 Clipper,B737,Landplane,Medium,4000,41000,,
"B737, BOEING, Clipper",Clipper,B737,Landplane,Medium,4000,41000,,
"B737,737-700 ",737-700,B737,Landplane,Medium,4000,41000,,
"B737,737-700 BBJ",737-700 BBJ,B737,Landplane,Medium,4000,41000,,
 B738,737-800,B738,Landplane,Medium,4000,41000,,
b738,737-800,B738,Landplane,Medium,4000,41000,,
B738 BOEING 737-800,737-800,B738,Landplane,Medium,4000,41000,,
"B738, BOEING, 737-800",737-800,B738,Landplane,Medium,4000,41000,,
"B738, BOEING, 737-800 BBJ2",737-800 BBJ2,B738,Landplane,Medium,4000,41000,,
"B738, BOEING, BBJ2",BBJ2,B738,Landplane,Medium,4000,41000,,
"B738,737-800",737-800,B738,Landplane,Medium,4000,41000,,
 B739,737-900,B739,Landplane,Medium,4000,41000,,
b739,737-900,B739,Landplane,Medium,4000,41000,,
B739 BOEING 737-900,737-900,B739,Landplane,Medium,4000,41000,,
"B739, BOEING, 737-900",737-900,B739,Landplane,Medium,4000,41000,,
"B739, BOEING, 737-900 BBJ3",737-900 BBJ3,B739,Landplane,Medium,4000,41000,,
"B739, BOEING, BBJ3",BBJ3,B739,Landplane,Medium,4000,41000,,
"B739,737-900",737-900,B739,Landplane,Medium,4000,41000,,
"B741, BOEING, 747-100",747-100,B741,Landplane,Heavy,3000,45100,,
b747,747-100,B741,Landplane,Heavy,3000,45100,,
"B742, BOEING, 747-200",747-200,B742,Landplane,Heavy,3000,45100,,
"B743, BOEING, 747-300",747-300,B743,Landplane,Heavy,3000,45100,,
B744,747-400,B744,Landplane,Heavy,3000,45100,,
B744 ,747-400,B744,Landplane,Heavy,3000,45100,,
"B744 BOEING 747-400 (international, winglets)",747-400,B744,Landplane,Heavy,3000,45100,,
"B744, BOEING, ""747-400 (international, winglets)""",747-400,B744,Landplane,Heavy,3000,45100,,
"B744, BOEING, 747-400 (international, winglets)",747-400,B744,Landplane,Heavy,3000,45100,,
"B744, BOEING, AL-1",747-400,B744,Landplane,Heavy,3000,45100,,
B747/8,747-8,B748,Landplane,Heavy,3000,43100,,
B748,747-8,B748,Landplane,Heavy,3000,43100,,
B748 BOEING BOEING 747-800,747-8,B748,Landplane,Heavy,3000,43100,,
"B748, BOEING, BOEING 747-800",747-8,B748,Landplane,Heavy,3000,43100,,
"B74S, BOEING, 747SP",747SP,B74S,Landplane,Heavy,3000,,,
B752,757-200,B752,Landplane,Medium,3500,,,
B752 BOEING C-32,C-32,B752,Landplane,Medium,3500,,,
"B752, BOEING, 757-200",757-200,B752,Landplane,Medium,3500,,,
"B752, BOEING, C-32",C-32,B752,Landplane,Medium,3500,,,
"B752,C-32",C-32,B752,Landplane,Medium,3500,,,
B752C,C-32,B752,Landplane,Medium,3500,,,
B752C BOEING C-32,C-32,B752,Landplane,Medium,3500,,,
"B752C, BOEING, C-32",C-32,B752,Landplane,Medium,3500,,,
b757,757-200,B752,Landplane,Medium,3500,,,
B753,757-300,B753,Landplane,Medium,3500,,,
B753 BOEING 757-300,757-300,B753,Landplane,Medium,3500,,,
"B753, BOEING, 757-300",757-300,B753,Landplane,Medium,3500,,,
B762,KC-767,B762,Landplane,Heavy,3500,,,
B762 BOEING 767-200,KC-767,B762,Landplane,Heavy,3500,,,
"B762, BOEING, 767-200",KC-767,B762,Landplane,Heavy,3500,,,
"B762, BOEING, KC-767",KC-767,B762,Landplane,Heavy,3500,,,
"B762,767-200",KC-767,B762,Landplane,Heavy,3500,,,
B767,767-200,B762,Landplane,Heavy,3500,,,
b763,767-300,B763,Landplane,Heavy,3500,,,
B763 BOEING 767-300,767-300,B763,Landplane,Heavy,3500,,,
"B763, BOEING, 767-300",767-300,B763,Landplane,Heavy,3500,,,
"B763,767-300",767-300,B763,Landplane,Heavy,3500,,,
B764,767-400,B764,Landplane,Heavy,3500,,,
"B764, BOEING, 767-400",767-400,B764,Landplane,Heavy,3500,,,
B772,777-200,B772,Landplane,Heavy,2500,,,
B772 BOEING 777-200,777-200,B772,Landplane,Heavy,2500,,,
"B772, BOEING, 777-200",777-200,B772,Landplane,Heavy,2500,,,
"B772, BOEING, 777-200ER",777-200ER,B772,Landplane,Heavy,2500,,,
b777,777-200,B772,Landplane,Heavy,2500,,,
"B773, BOEING, 777-300",777-300,B773,Landplane,Heavy,2500,,,
B77L,777-200LR,B77L,Landplane,Heavy,2500,,,
B77L BOEING 777-200LR,777-200LR,B77L,Landplane,Heavy,2500,,,
"B77L, BOEING, 777-200LR",777-200LR,B77L,Landplane,Heavy,2500,,,
"B77L,777-200LR",777-200LR,B77L,Landplane,Heavy,2500,,,
B77W,777-300ER,B77W,Landplane,Heavy,3500,,,
B77W Boeing 777-300ER,777-300ER,B77W,Landplane,Heavy,3500,,,
"B77W, Boeing, 777-300ER",777-300ER,B77W,Landplane,Heavy,3500,,,
"B783, BOEING, 787-3 Dreamliner",787-8 Dreamliner,B788,Landplane,Heavy,3500,43000,,
B787,787-8 Dreamliner,B788,Landplane,Heavy,3500,43000,,
B788,787-8 Dreamliner,B788,Landplane,Heavy,3500,43000,,
"B788, BOEING, 787-8 Dreamliner",787-8 Dreamliner,B788,Landplane,Heavy,3500,43000,,
B789,787-9 Dreamliner,B789,Landplane,Heavy,3500,43000,,
B789 BOEING Dreamliner (Srs.9),Dreamliner (Srs.9),B789,Landplane,Heavy,3500,43000,,
"B789, BOEING, 787-9 Dreamliner",787-9 Dreamliner,B789,Landplane,Heavy,3500,43000,,
"B789, BOEING, Dreamliner (Srs.9)",Dreamliner (Srs.9),B789,Landplane,Heavy,3500,43000,,
"BALL, (any manufacturer), Balloon",Balloon,BALL,Balloon,Light,,,,
A220,A-220-100,BCS1,Landplane,Medium,,41000,,
A221,A-220-100,BCS1,Landplane,Medium,,41000,,
BCS1,CS100,BCS1,Landplane,Medium,,41000,,
"BCS1, Bombardier, CS100",CS100,BCS1,Landplane,Medium,,41000,,
BSC1,CS100,BCS1,Landplane,Medium,,41000,,
BE10,100 King Air,BE10,Landplane,Light,2200,35000,,
"BE10, BEECH, 100 King Air",100 King Air,BE10,Landplane,Light,2200,35000,,
"BE17, BEECH, Staggerwing",Staggerwing,BE17,Landplane,Light,1200,25000,,
BE19,19 Musketeer Sport,BE19,Landplane,Light,500,13000,,
"BE19, BEECH, 19 Musketeer Sport",19 Musketeer Sport,BE19,Landplane,Light,500,13000,,
AC12,C-12 Huron,BE20,Landplane,Light/Medium,2000,35000,,
be20,1300 Commuter,BE20,Landplane,Light/Medium,2000,35000,,
BE20 BEECH C-12A Huron,C-12A Huron,BE20,Landplane,Light/Medium,2000,35000,,
"BE20, BEECH, 1300 Commuter",1300 Commuter,BE20,Landplane,Light/Medium,2000,35000,,
"BE20, BEECH, 200 Super King Air",200 Super King Air,BE20,Landplane,Light/Medium,2000,35000,,
"BE20, BEECH, C-12A Huron",C-12A Huron,BE20,Landplane,Light/Medium,2000,35000,,
"BE20, BEECH, C-12D Huron",C-12D Huron,BE20,Landplane,Light/Medium,2000,35000,,
BE23,23 Musketeer,BE23,Landplane,Light,600,13000,,
"BE23, BEECH, 23 Musketeer",23 Musketeer,BE23,Landplane,Light,600,13000,,
"BE23, BEECH, Sundowner",23 Sundowner,BE23,Landplane,Light,600,13000,,
"BE23,23 Musketeer",23 Musketeer,BE23,Landplane,Light,600,13000,,
BE24,24 Musketeer Super,BE24,Landplane,Light,1000,15400,,
"BE24, BEECH, 24 Musketeer Super",24 Musketeer Super,BE24,Landplane,Light,1000,15400,,
BE30,300 Super King Air,BE30,Landplane,Light,3000,35000,,
BE30 BEECH 300 Super King Air,300 Super King Air,BE30,Landplane,Light,3000,35000,,
"BE30, BEECH, 300 Super King Air",300 Super King Air,BE30,Landplane,Light,3000,35000,,
"BE30, BEECH, Super King Air (300)",Super King Air (300),BE30,Landplane,Light,3000,35000,,
BE33,33 Bonanza,BE33,Landplane,Light,1000,17500,,
"BE33, BEECH, 33 Bonanza",33 Bonanza,BE33,Landplane,Light,1000,17500,,
BE35,35 Bonanza,BE35,Landplane,Light,1000,17900,,
BE35 BEECH 35 Bonanza,35 Bonanza,BE35,Landplane,Light,1000,17900,,
"BE35, BEECH, 35 Bonanza",35 Bonanza,BE35,Landplane,Light,1000,17900,,
BE36,36 Bonanza 36,BE36,Landplane,Light,1000,18500,,
"BE36, BEECH, ""Bonanza (36, piston)""",36 Bonanza 36,BE36,Landplane,Light,1000,18500,,
"BE36, BEECH, 36 Bonanza (piston)",36 Bonanza 36,BE36,Landplane,Light,1000,18500,,
BE40,400 Beechjet,BE40,Landplane,Medium,3000,45000,,
BE40 BEECH 400 Beechjet,400 Beechjet,BE40,Landplane,Medium,3000,45000,,
"BE40, BEECH, 400 Beechjet",400 Beechjet,BE40,Landplane,Medium,3000,45000,,
"BE40, BEECH, Beechjet",400 Beechjet,BE40,Landplane,Medium,3000,45000,,
"BE50, BEECH, 50 Twin Bonanza",50 Twin Bonanza,BE50,Landplane,Light,1600,30000,,
"BE55, BEECH, 55 Baron",55 Baron,BE55,Landplane,Light,1700,19700,,
"BE55, BEECH, Baron (55)",Baron (55),BE55,Landplane,Light,1700,19700,,
"BE56, BEECH, 56 Turbo Baron",56 Turbo Baron,BE56,Landplane,Light,1400,19700,,
BE58,58 Baron,BE58,Landplane,Light,1400,20700,,
BE58 BEECH 58 Baron,58 Baron,BE58,Landplane,Light,1400,20700,,
"BE58, BEECH, 58 Baron",58 Baron,BE58,Landplane,Light,1400,20700,,
"BE58, BEECH, Baron (58)",Baron (58),BE58,Landplane,Light,1400,20700,,
"BE58, HAWKER BEECHCRAFT, 58 Baron",58 Baron,BE58,Landplane,Light,1400,20700,,
"BE58, RAYTHEON, 58 Baron",58 Baron,BE58,Landplane,Light,1400,20700,,
"BE58, RAYTHEON, Baron",Baron,BE58,Landplane,Light,1400,20700,,
"BE60, BEECH, 60 Duke",60 Duke,BE60,Landplane,Light,1600,30000,,
BE65,65 Queen Air,BE65,Landplane,Light,1300,31300,,
"BE65, BEECH, 65 Queen Air",65 Queen Air,BE65,Landplane,Light,1300,31300,,
BE76,Duchess,BE76,Landplane,Light,1500,19700,,
BE76 BEECH Duchess,Duchess,BE76,Landplane,Light,1500,19700,,
"BE76, BEECH, 76 Duchess",76 Duchess,BE76,Landplane,Light,1500,19700,,
BE77,77 Skipper,BE77,Landplane,Light,600,12900,,
"BE77, BEECH, 77 Skipper",77 Skipper,BE77,Landplane,Light,600,12900,,
"BE80, BEECH, 80 Queen Air",80 Queen Air,BE80,Landplane,Light,1200,26800,,
"BE95, BEECH, 95 Travel Air",95 Travel Air,BE95,Landplane,Light,1000,18100,,
BE99,Airliner,BE99,Landplane,Light,1400,25500,,
BE99 BEECH Airliner,Airliner,BE99,Landplane,Light,1400,25500,,
"BE99, BEECH, 99 Airliner",99 Airliner,BE99,Landplane,Light,1400,25500,,
"BE99, BEECH, Airliner",Airliner,BE99,Landplane,Light,1400,25500,,
BE9,90 (A90) King Air,BE9L,Landplane,Light,1600,30000,,
BE9L,90 (A90) King Air,BE9L,Landplane,Light,1600,30000,,
BE9L BEECH 90 (A90) King Air,90 (A90) King Air,BE9L,Landplane,Light,1600,30000,,
"BE9L, BEECH, ""King Air (90, A90 to E90)""","King Air (90, A90 to E90)",BE9L,Landplane,Light,1600,30000,,
"BE9L, BEECH, 90 (A90) King Air",90 (A90) King Air,BE9L,Landplane,Light,1600,30000,,
"BE9L, BEECH, 90 King Air",90 King Air,BE9L,Landplane,Light,1600,30000,,
"BE9L, BEECH, King Air (90, A90 to E90)","King Air (90, A90 to E90)",BE9L,Landplane,Light,1600,30000,,
"BE9L,90 (A90) King Air",90 (A90) King Air,BE9L,Landplane,Light,1600,30000,,
"C90A, BEECH, C90 King Air",90 (A90) King Air,BE9L,Landplane,Light,1600,30000,,
"BE9T, BEECH, 90 (F90) King Air",90 (F90) King Air,BE9T,Landplane,Light,1600,31000,,
"BE9T,King Air (F90)",King Air (F90),BE9T,Landplane,Light,1600,31000,,
BK17,BK-117,BK17,Helicopter,Light,1700,18000,,
"BK17, CASA, BK-117",BK-117,BK17,Helicopter,Light,1700,18000,,
"BK17, EUROCOPTER, BK-117",BK-117B,BK17,Helicopter,Light,1700,18000,,
"BK17, EUROCOPTER, BK-117B",BK-117B,BK17,Helicopter,Light,1700,18000,,
"BK17, EUROCOPTER, BK-117C-1",BK-117C-1,BK17,Helicopter,Light,1700,18000,,
"BL17, ALEXANDRIA, 17 Super Viking",17 Super Viking,BL17,Landplane,Light,1100,20000,,
BL8,8 Scout,BL8,Landplane,Light,1000,14500,,
"BL8, AMERICAN CHAMPION, 8 Scout",8 Scout,BL8,Landplane,Light,1000,14500,,
"BL8, AMERICAN CHAMPION, 8 Super Decathlon",8 Super Decathlon,BL8,Landplane,Light,1000,14500,,
BLCF,747-400LCF Dreamlifter,BLCF,Landplane,Heavy,3000,43100,,
"BLCF, BOEING, 747-400LCF Dreamlifter",747-400LCF Dreamlifter,BLCF,Landplane,Heavy,3000,43100,,
BLIMP,BLIMP,BLIMP,BLIMP,Light,,,,
"BN2P, AVIONS FAIREY, BN-2A Islander",BN-2A Islander,BN2P,Landplane,Light,900,19700,,
"BN2P, AVIONS FAIREY, BN-2B Islander",BN-2B Islander,BN2P,Landplane,Light,900,19700,,
"BN2P, AVIONS FAIREY, Defender",Defender,BN2P,Landplane,Light,900,19700,,
"BN2T, BRITTEN-NORMAN, Defender 4000",Defender 4000,BN2T,Landplane,Light,1000,25000,,
"BRAV, TECNAM, P-2004 Bravo",P-2004 Bravo,BRAV,Landplane,Light,1000,14500,,
C120,120,C120,Landplane,Light,500,15500,,
"C120, CESSNA, 120",120,C120,Landplane,Light,500,15500,,
"C120,120",120,C120,Landplane,Light,500,15500,,
C130,AC-130 Spectre,C130,Landplane,Medium,1500,33000,,
C130 LOCKHEED AC-130 Spectre,AC-130 Spectre,C130,Landplane,Medium,1500,33000,,
"C130, LOCKHEED, AC-130 Spectre",AC-130 Spectre,C130,Landplane,Medium,1500,33000,,
"C130, LOCKHEED, C-130A Hercules",C-130A Hercules,C130,Landplane,Medium,1500,33000,,
"C130, LOCKHEED, C-130E Hercules",C-130E Hercules,C130,Landplane,Medium,1500,33000,,
"C130, LOCKHEED, C-130H Hercules",C-130H Hercules,C130,Landplane,Medium,1500,33000,,
"C130, LOCKHEED, C-130K Hercules",C-130K Hercules,C130,Landplane,Medium,1500,33000,,
"C130, LOCKHEED, DC-130 Hercules",DC-130 Hercules,C130,Landplane,Medium,1500,33000,,
"C130,AC-130 Spectre",AC-130 Spectre,C130,Landplane,Medium,1500,33000,,
EC130,EC-130 Aya,C130,Landplane,Medium,1500,33000,,
"C135, BOEING, C-135B Stratolifter",C-135B Stratolifter,C135,Landplane,Heavy,2000,13200,,
"C135, BOEING, NKC-135",C-135B Stratolifter,C135,Landplane,Heavy,2000,13200,,
C140,140,C140,Landplane,Light,500,15500,,
"C140, CESSNA, 140",140,C140,Landplane,Light,500,15500,,
C150,150,C150,Landplane,Light,500,14000,,
C150 AVIONES COLOMBIA 150,150,C150,Landplane,Light,500,14000,,
"C150, AVIONES COLOMBIA, 150",150,C150,Landplane,Light,500,14000,,
"C150, CESSNA, 150",150,C150,Landplane,Light,500,14000,,
"C150, CESSNA, 150 Commuter",150 Commuter,C150,Landplane,Light,500,18300,,
"C150, CESSNA, Commuter",Commuter,C150,Landplane,Light,500,14000,,
C152,152,C152,Landplane,Light,600,14700,,
C152 AVIONES COLOMBIA 152,152,C152,Landplane,Light,600,14700,,
"C152, AVIONES COLOMBIA, 152",152,C152,Landplane,Light,600,14700,,
"C152, CESSNA, 152",152,C152,Landplane,Light,600,14700,,
"C152,152",152,C152,Landplane,Light,600,14700,,
"C160, TRANSALL, C-160",C-160,C160,Landplane,Medium,2000,27000,,
C162,162 Skycatcher,C162,Landplane,Light,900,27000,,
C162 CESSNA 162 SkyCatcher,162 Skycatcher,C162,Landplane,Light,900,27000,,
"C162, CESSNA, 162 SkyCatcher",162 Skycatcher,C162,Landplane,Light,900,27000,,
"C162, Cessna, LSA Sport",162 Skycatcher,C162,Landplane,Light,900,27000,,
C17,C-17 Globemaster 3,C17,Landplane,Heavy,4000,45000,,
C17 BOEING C-17 Globemaster 3,C-17 Globemaster 3,C17,Landplane,Heavy,4000,45000,,
"C17, BOEING, C-17 Globemaster 3",C-17 Globemaster 3,C17,Landplane,Heavy,4000,45000,,
"C17, BOEING, Globemaster 3",C-17 Globemaster 3,C17,Landplane,Heavy,4000,45000,,
"C17,C-17 Globemaster 3",C-17 Globemaster 3,C17,Landplane,Heavy,4000,45000,,
"C170, CESSNA, 170",170,C170,Landplane,Light,600,14700,,
C171,172,C172,Landplane,Light,600,13500,,
c172,172,C172,Landplane,Light,600,13500,,
C172 CESSNA 172,172,C172,Landplane,Light,600,13500,,
"C172, AVIONES COLOMBIA, 172",172,C172,Landplane,Light,600,13500,,
"C172, CESSNA, 172",172,C172,Landplane,Light,600,13500,,
"C172, CESSNA, 172 Cutlass",172 Cutlass,C172,Landplane,Light,600,13500,,
"C172, CESSNA, 172 Skyhawk",172 Skyhawk,C172,Landplane,Light,600,13500,,
"C172, CESSNA, Mescalero",Mescalero,C172,Landplane,Light,600,13500,,
"C172, CESSNA, P172 Skyhawk Powermatic",P172 Skyhawk Powermatic,C172,Landplane,Light,600,13500,,
"C172, CESSNA, R172",R172,C172,Landplane,Light,600,13500,,
"C172, CESSNA, R172 Hawk XP",R172 Hawk XP,C172,Landplane,Light,600,13500,,
"C172,172",172,C172,Landplane,Light,600,13500,,
C175,175,C175,Landplane,Light,700,15500,,
"C175, CESSNA, 175",175,C175,Landplane,Light,700,15500,,
C177,177,C177,Landplane,Light,700,14600,,
"C177, CESSNA, 177",177,C177,Landplane,Light,700,14600,,
"C177, CESSNA, 177 Cardinal",177 Cardinal,C177,Landplane,Light,700,14600,,
"C177, CESSNA, Cardinal",Cardinal,C177,Landplane,Light,700,14600,,
C180,180,C180,Landplane,Light,900,15000,,
"C180, CESSNA, 180",180,C180,Landplane,Light,900,15000,,
C1812,182,C182,Landplane,Light,700,18100,,
C182,182,C182,Landplane,Light,700,18100,,
C182 Cessna 182,182,C182,Landplane,Light,700,18100,,
"C182, AVIONES COLOMBIA, 182",182,C182,Landplane,Light,700,18100,,
"C182, CESSNA, 182",182,C182,Landplane,Light,700,18100,,
"C182, CESSNA, 182 Skylane",Skylane,C182,Landplane,Light,700,18100,,
"C182, WREN, 460",460,C182,Landplane,Light,700,18100,,
"C182,182",182,C182,Landplane,Light,700,18100,,
C185,185,C185,Landplane,Light,1300,17900,,
"C185, AVIONES COLOMBIA, 185",185,C185,Landplane,Light,1300,17900,,
"C185, CESSNA, 185 Skywagon",185 Skywagon,C185,Landplane,Light,1300,17900,,
"C185, CESSNA, A185 AgCarryall",A185 AgCarryall,C185,Landplane,Light,1300,17900,,
"C205, CESSNA, 205",205,C205,Landplane,Light,800,,,
C206,206 Stationair,C206,Landplane,Light,800,17900,,
C206 CESSNA 206 Stationair,206 Stationair,C206,Landplane,Light,800,17900,,
"C206, AVIONES COLOMBIA, 206",206,C206,Landplane,Light,800,17900,,
"C206, CESSNA, 206 Stationair",206 Stationair,C206,Landplane,Light,800,17900,,
"C206, CESSNA, P206 Super Skylane",P206 Super Skylane,C206,Landplane,Light,800,17900,,
"C206, CESSNA, Skywagon 206",Skywagon 206,C206,Landplane,Light,800,17900,,
"C206, CESSNA, T206 Turbo Stationair",U206 Stationair 6,C206,Landplane,Light,800,17900,,
"C206, CESSNA, TU206 Turbo Stationair 6",U206 Stationair 6,C206,Landplane,Light,800,17900,,
C207,207 Skywagon 207,C207,Landplane,Light,800,18000,,
"C207, CESSNA, 207 Skywagon 207",207 Skywagon 207,C207,Landplane,Light,800,18000,,
C208,208 Cargomaster,C208,Landplane,Light,1000,25000,,
C208 CESSNA 208 Cargomaster,208 Cargomaster,C208,Landplane,Light,1000,25000,,
"C208, CESSNA, 208 Caravan 1",208 Caravan 1,C208,Landplane,Light,1000,25000,,
"C208, CESSNA, 208 Cargomaster",208 Cargomaster,C208,Landplane,Light,1000,25000,,
"C208, CESSNA, 208 Grand Caravan",208 Grand Caravan,C208,Landplane,Light,1000,25000,,
"C208, CESSNA, 208 Super Cargomaster",208 Super Cargomaster,C208,Landplane,Light,1000,25000,,
"C208, CESSNA, Cargomaster",Cargomaster,C208,Landplane,Light,1000,25000,,
C210,210,C210,Landplane,Light,700,27000,,
C210 AVIONES COLOMBIA 210,210,C210,Landplane,Light,700,27000,,
"C210, AVIONES COLOMBIA, 210",210,C210,Landplane,Light,700,27000,,
"C210, CESSNA, 210",210,C210,Landplane,Light,700,27000,,
"C210, CESSNA, 210 Centurion",210 Centurion,C210,Landplane,Light,700,27000,,
"C212, CASA, Aviocar",Aviocar,C212,Landplane,Medium,1300,26000,,
C240 CESSNA T240,Corvalis TTx,C240,Landplane,Light,1100,25000,,
"C240, CESSNA, T240",Corvalis TTx,C240,Landplane,Light,1100,25000,,
C25A,525A Citation CJ2,C25A,Landplane,Light,3100,45000,,
"C25A, CESSNA, 525A Citation CJ2",525A Citation CJ2,C25A,Landplane,Light,3100,45000,,
C25B,525B Citation CJ3,C25B,Landplane,Light,3100,45000,,
"C25B, CESSNA, 525B Citation CJ3",525B Citation CJ3,C25B,Landplane,Light,3100,45000,,
"C25B, CESSNA, Citation CJ3",Citation CJ3,C25B,Landplane,Light,3100,45000,,
C25C,525C Citation CJ4,C25C,Landplane,Medium,3100,45000,,
"C25C, CESSNA, 525C Citation CJ4",525C Citation CJ4,C25C,Landplane,Medium,3100,45000,,
"C25C, CESSNA, Citation CJ4",Citation CJ4,C25C,Landplane,Medium,3100,45000,,
C25F,525C Citation CJ4,C25C,Landplane,Medium,3100,45000,,
C25M,525 Citation M2,C25M,Landplane,Light,3000,41000,,
"C270, CAUDRON, C-270 Luciole",C-270 Luciole,C270,Landplane,Light,800,13100,,
C27J,C-27J Spartan,C27J,Landplane,Medium,2100,30000,,
"C27J, ALENIA, C-27J Spartan",C-27J Spartan,C27J,Landplane,Medium,2100,30000,,
C30J,C-130J Hercules,C30J,Landplane,Medium,1800,31000,,
"C30J, LOCKHEED MARTIN, C-130J Hercules",C-130J Hercules,C30J,Landplane,Medium,1800,31000,,
"C30J, LOCKHEED MARTIN, EC-130J Hercules",EC-130J Hercules,C30J,Landplane,Medium,1800,31000,,
"C30J,C-130J Hercules",C-130J Hercules,C30J,Landplane,Medium,1800,31000,,
C310,310,C310,Landplane,Light,1400,20000,,
C310 AVIONES COLOMBIA 310,310,C310,Landplane,Light,1400,20000,,
"C310, AVIONES COLOMBIA, 310",310,C310,Landplane,Light,1400,20000,,
"C310, CESSNA, 310",310,C310,Landplane,Light,1400,20000,,
C335,335,C335,Landplane,Light,2200,30000,,
C337,337,C337,Landplane,Light,1000,25000,,
"C337, AVIONES COLOMBIA, 337",337,C337,Landplane,Light,1000,25000,,
"C337, CESSNA, 337 Super Skymaster",337 Super Skymaster,C337,Landplane,Light,1000,25000,,
"C340, AVIONES COLOMBIA, 340",340,C340,Landplane,Light,1300,30000,,
"C340, CESSNA, 340",340,C340,Landplane,Light,1300,30000,,
"C401, Cessna, Cessna",401,C402,Landplane,Light,1200,30000,,
C402,402,C402,Landplane,Light,1200,30000,,
"C402, AVIONES COLOMBIA, 402",402,C402,Landplane,Light,1200,30000,,
"C402, CESSNA, 401",401,C402,Landplane,Light,1200,30000,,
"C402, CESSNA, 402",402,C402,Landplane,Light,1200,30000,,
"C404, CESSNA, 404 Titan",404 Titan,C404,Landplane,Light,1300,26000,,
C414,414,C414,Landplane,Light,1500,30800,,
"C414, AVIONES COLOMBIA, 414",414,C414,Landplane,Light,1500,30800,,
"C414, CESSNA, 414",414,C414,Landplane,Light,1500,30800,,
C421,421,C421,Landplane,Light,1600,30200,,
"C421, CESSNA, 421",421,C421,Landplane,Light,1600,30200,,
"C421, CESSNA, 421 Golden Eagle",421 Golden Eagle,C421,Landplane,Light,1600,30200,,
C425,425 Conquest 1,C425,Landplane,Light,1500,33400,,
"C425, CESSNA, 425 Conquest 1",425 Conquest 1,C425,Landplane,Light,1500,33400,,
C441,441 Conquest,C441,Landplane,Light,1900,35000,,
"C441, CESSNA, 441 Conquest",441 Conquest,C441,Landplane,Light,1900,35000,,
C5,C-5 Galaxy,C5,Landplane,Heavy,1700,41000,,
"C5, LOCKHEED, C-5 Galaxy",C-5 Galaxy,C5,Landplane,Heavy,1700,41000,,
"C5, LOCKHEED, Galaxy",C-5 Galaxy,C5,Landplane,Heavy,1700,41000,,
"C500, CESSNA, 500 Citation",500 Citation,C500,Landplane,Light,2200,41000,,
C501,501 Citation 1SP,C501,Landplane,Light,2200,41000,,
"C501, CESSNA, 501 Citation 1SP",501 Citation 1SP,C501,Landplane,Light,2200,41000,,
C510,510 Citation Mustang,C510,Landplane,Light,2400,41000,,
"C510, CESSNA, 510 Citation Mustang",510 Citation Mustang,C510,Landplane,Light,2400,41000,,
C525,525 Citation CJ1,C525,Landplane,Light,3000,41000,,
C525 CESSNA 525 Citation CJ1,525 Citation CJ1,C525,Landplane,Light,3000,41000,,
"C525, CESSNA, 525 Citation CJ1",525 Citation CJ1,C525,Landplane,Light,3000,41000,,
"C525,525 Citation CJ1",525 Citation CJ1,C525,Landplane,Light,3000,41000,,
C26,CitationJet (526),C526,Landplane,Light,3000,35000,,
"C526, CESSNA, 526 CitationJet",526 CitationJet,C526,Landplane,Light,3000,35000,,
C550,550 Citation 2,C550,Landplane,Light,2600,45000,,
C550 CESSNA 552,550 Citation 2,C550,Landplane,Light,2600,45000,,
"C550, CESSNA, 550 Citation 2",550 Citation 2,C550,Landplane,Light,2600,45000,,
"C550, CESSNA, 552",550 Citation 2,C550,Landplane,Light,2600,45000,,
"C550, CESSNA, Citation 2",550 Citation 2,C550,Landplane,Light,2600,45000,,
"C550, CESSNA, Citation Bravo",550 Citation 2,C550,Landplane,Light,2600,45000,,
"C551, CESSNA, 551 Citation 2SP",551 Citation 2SP,C551,Landplane,Light,2400,43000,,
C55B,550B Citation Bravo,C55B,Landplane,Light,2600,45000,,
C560,560 Citation 5,C560,Landplane,Medium,3800,45000,,
C560 CESSNA 560 Citation 5,560 Citation 5,C560,Landplane,Medium,3800,45000,,
"C560, CESSNA, 560 Citation 5",560 Citation 5,C560,Landplane,Medium,3800,45000,,
"C560,560 Citation 5",560 Citation 5,C560,Landplane,Medium,3800,45000,,
C56X,560XL Citation Excel,C56X,Landplane,Medium,3000,45000,,
C56X CESSNA 560XL Citation Excel,560XL Citation Excel,C56X,Landplane,Medium,3000,45000,,
"C56X, CESSNA, 560XL Citation Excel",560XL Citation Excel,C56X,Landplane,Medium,3000,45000,,
"C56X, CESSNA, Citation Excel",Citation Excel,C56X,Landplane,Medium,3000,45000,,
"C56X, CESSNA, Citation XLS",Citation XLS,C56X,Landplane,Medium,3000,45000,,
C5M,C-5M Super Galaxy,C5M,Landplane,Heavy,1700,41000,,
C650,650 Citation 3,C650,Landplane,Medium,3000,51000,,
"C650, CESSNA, 650 Citation 3",650 Citation 3,C650,Landplane,Medium,3000,51000,,
"C650, CESSNA, 650 Citation 7",650 Citation 7,C650,Landplane,Medium,3000,51000,,
"C650, CESSNA, Citation 7",650 Citation 7,C650,Landplane,Medium,3000,51000,,
C680,680 Citation Sovereign,C680,Landplane,Medium,3300,47000,,
C680 CESSNA 680 Citation Sovereign,680 Citation Sovereign,C680,Landplane,Medium,3300,47000,,
"C680, CESSNA, 680 Citation Sovereign",680 Citation Sovereign,C680,Landplane,Medium,3300,47000,,
"C680, CESSNA, Citation Sovereign",Citation Sovereign,C680,Landplane,Medium,3300,47000,,
C68A,Citation Latitude,C68A,Landplane,Medium,2300,45000,,
"C68A, CESSNA, CITATION LATITUDE",Citation Latitude,C68A,Landplane,Medium,2300,45000,,
"C68A,CITATION LATITUDE",Citation Latitude,C68A,Landplane,Medium,2300,45000,,
C700,700 Citation Longitude,C700,Landplane,Medium,2300,45000,,
C72R,172RG,C72R,Landplane,Light,700,26900,,
"C72R, AVIONES COLOMBIA, 172RG",172RG,C72R,Landplane,Light,700,26900,,
"C72R, CESSNA, 172RG Cutlass RG",172RG Cutlass RG,C72R,Landplane,Light,700,26900,,
C750,750 Citation 10,C750,Landplane,Medium,2900,51000,,
C750 CESSNA Citation 10,750 Citation 10,C750,Landplane,Medium,2900,51000,,
"C750, CESSNA, 750 Citation 10",750 Citation 10,C750,Landplane,Medium,2900,51000,,
"C750, CESSNA, Citation 10",750 Citation 10,C750,Landplane,Medium,2900,51000,,
"C77R, AVIONES COLOMBIA, 177RG",177RG,C77R,Landplane,Light,700,14600,,
"C77R, CESSNA, 177RG Cardinal RG",177RG Cardinal RG,C77R,Landplane,Light,700,14600,,
C82R,R182,C82R,Landplane,Light,700,18100,,
"C82R, AVIONES COLOMBIA, R182",R182,C82R,Landplane,Light,700,18100,,
"C82R, CESSNA, R182 Skylane RG",R182 Skylane RG,C82R,Landplane,Light,700,18100,,
C82T,TR182 Turbo Skylane RG,C82T,Landplane,Light,800,20000,,
"CH20, HEINTZ, CH-200 ZÃ©nith",CH-200 Zénith,CH20,Landplane,Light,600,15100,,
"CH20, ZENAIR, ZÃ©nith (CH-200)",CH-200 Zénith,CH20,Landplane,Light,600,15100,,
"CH2T, AMD, Alarus",Alarus,CH2T,Landplane,Light,700,12000,,
"CH2T, AMD, CH-2000 ZÃ©nith",CH-2000 Zénith,CH2T,Landplane,Light,700,12000,,
"CH2T, ZENAIR, CH-2000 ZÃ©nith",CH-2000 Zénith,CH2T,Landplane,Light,700,12000,,
"CH50, ZENAIR, Mini ZÃ©nith",CH-50 Mini Zénith,CH50,Landplane,Light,,,,
CH60,CH-601 Zodiac,CH60,Landplane,Light,900,16000,,
"CH60, AMD, CH-601 Zodiac",CH-601 Zodiac,CH60,Landplane,Light,900,16000,,
CH7,Kompress,CH7,Helicopter,Light,900,16400,,
"CH7, HELI-SPORT, Kompress",Kompress,CH7,Helicopter,Light,900,16400,,
CH7A AERONCA 7AC Champion,7AC Champion,CH7A,Landplane,Light,600,11500,,
"CH7A, AERONCA, 7AC Champion",7AC Champion,CH7A,Landplane,Light,600,11500,,
CH7B,7GCAA Citabria Adventure,CH7B,Landplane,Light,900,15500,,
CH7B AMERICAN CHAMPION 7GCAA Citabria Adventure,7GCAA Citabria Adventure,CH7B,Landplane,Light,900,15500,,
"CH7B, AMERICAN CHAMPION, 7GCAA Citabria Adventure",7GCAA Citabria Adventure,CH7B,Landplane,Light,900,15500,,
CH47,Chinook,CHIN,Landplane,Light,600,15000,,
"CH47, BOEING, CHINOOK",Chinook,CHIN,Landplane,Light,600,15000,,
"CHIN, ASAP, Chinook",Chinook,CHIN,Landplane,Light,600,15000,,
CL30,BD-100 Challenger 300,CL30,Landplane,Medium,2900,45000,,
"CL30, BOMBARDIER, BD-100 Challenger 300",BD-100 Challenger 300,CL30,Landplane,Medium,2900,45000,,
"CL30, BOMBARDIER, Challenger 300",Challenger 300,CL30,Landplane,Medium,2900,45000,,
"CL30,BD-100 Challenger 300",BD-100 Challenger 300,CL30,Landplane,Medium,2900,45000,,
CL35,Challenger 350,CL35,Landplane,Medium,,45000,,
CL35 Bombardier Challenger 300,Challenger 350,CL35,Landplane,Medium,,45000,,
"CL35, Bombardier, Challenger 300",Challenger 350,CL35,Landplane,Medium,,45000,,
CL36,BD-100 Challenger 350,CL35,Landplane,Medium,,45000,,
CL60,CC-144 Challenger 600,CL60,Landplane,Medium,2500,41000,,
CL60 CANADAIR CC-144 Challenger 600,CC-144 Challenger 600,CL60,Landplane,Medium,2500,41000,,
"CL60, CANADAIR, C-143 Challenger 604",C-143 Challenger 604,CL60,Landplane,Medium,2500,41000,,
"CL60, CANADAIR, CC-144 Challenger 600",CC-144 Challenger 600,CL60,Landplane,Medium,2500,41000,,
"CL60, CANADAIR, Challenger 600",Challenger 600,CL60,Landplane,Medium,2500,41000,,
"CL60, CANADAIR, Challenger 601",Challenger 601,CL60,Landplane,Medium,2500,41000,,
"CL60, CANADAIR, CL-600 Challenger 601",CL-600 Challenger 601,CL60,Landplane,Medium,2500,41000,,
"CL60,CC-144 Challenger 600",CC-144 Challenger 600,CL60,Landplane,Medium,2500,41000,,
CN35,CN-235,CN35,Landplane,Medium,600,25000,,
"CN35, AIRTECH (2), CN-235",CN-235,CN35,Landplane,Medium,600,25000,,
"CN35, AIRTECH (2), CN-235 Persuader",CN-235 Persuader,CN35,Landplane,Medium,600,25000,,
"CN35, CASA, HC-144",HC-144 Ocean Sentry,CN35,Landplane,Medium,600,25000,,
AC350,350,COL3,Landplane,Light,1100,18000,,
COL3,350,COL3,Landplane,Light,1100,18000,,
"COL3, CESSNA, 350",350,COL3,Landplane,Light,1100,18000,,
COL4,400,COL4,Landplane,Light,1100,25000,,
"COL4, CESSNA, 400",400,COL4,Landplane,Light,1100,25000,,
"COL4, CESSNA, LC-41 400",LC-41,COL4,Landplane,Light,1100,25000,,
"COL4, LANCAIR, Columbia 400",Columbia 400,COL4,Landplane,Light,1100,25000,,
"COUR, HELIO, Courier",Courier,COUR,Landplane,Light,850,20500,,
"COUR, HELIO, H-250 Courier 2",H-250 Courier 2,COUR,Landplane,Light,850,20500,,
COY2,S-6 Coyote 2,COY2,Landplane,Light,1000,16000,,
"COY2, RANS, S-6 Coyote 2",S-6 Coyote 2,COY2,Landplane,Light,1000,16000,,
"COZY,AeroCanard",AeroCanard,COZY,Landplane,Light,1500,25000,,
CP30 BINDER CP-301 Smaragd,CP-301 Smaragd,CP30,Landplane,Light,700,13100,,
crj,CL-600 Regional Jet CRJ-100,CRJ1,Landplane,Medium,3000,41000,,
CRJ1,CL-600 Regional Jet CRJ-100,CRJ1,Landplane,Medium,3000,41000,,
"CRJ1, CANADAIR, CL-600 Regional Jet CRJ-100",CL-600 Regional Jet CRJ-100,CRJ1,Landplane,Medium,3000,41000,,
"CRJ1, CANADAIR, Regional Jet RJ-100",CL-600 Regional Jet RJ-100,CRJ1,Landplane,Medium,3000,41000,,
crj2,Challenger 800,CRJ2,Landplane,Medium,3000,41000,,
CRJ2 CANADAIR CL-600 Challenger 800,CL-600 Challenger 800,CRJ2,Landplane,Medium,3000,41000,,
"CRJ2, CANADAIR, Challenger 800",Challenger 800,CRJ2,Landplane,Medium,3000,41000,,
"CRJ2, CANADAIR, Challenger 850",CL-600 Challenger 850,CRJ2,Landplane,Medium,3000,41000,,
"CRJ2, CANADAIR, CL-600 Challenger 800",CL-600 Challenger 800,CRJ2,Landplane,Medium,3000,41000,,
"CRJ2, CANADAIR, CL-600 Regional Jet CRJ-200",CL-600 Regional Jet CRJ-200,CRJ2,Landplane,Medium,3000,41000,,
"CRJ2, CANADAIR, CL-600 Special Edition",CL-600 Special Edition,CRJ2,Landplane,Medium,3000,41000,,
"CRJ2,CL-600 Challenger 800",Challenger 800,CRJ2,Landplane,Medium,3000,41000,,
CRJ7,CL-600 Regional Jet CRJ-700,CRJ7,Landplane,Medium,3000,41000,,
CRJ7 CANADAIR CL-600 Regional Jet CRJ-700,CL-600 Regional Jet CRJ-700,CRJ7,Landplane,Medium,3000,41000,,
"CRJ7, CANADAIR, Challenger 870",CL-600 Challenger 870,CRJ7,Landplane,Medium,3000,41000,,
"CRJ7, CANADAIR, CL-600 Regional Jet CRJ-700",CL-600 Regional Jet CRJ-700,CRJ7,Landplane,Medium,3000,41000,,
"CRJ7, CANADAIR, CL-600 Regional Jet CRJ-701",CL-600 Regional Jet CRJ-701,CRJ7,Landplane,Medium,3000,41000,,
"CRJ7, CANADAIR, Regional Jet CRJ-700",CL-600 Regional Jet CRJ-700,CRJ7,Landplane,Medium,3000,41000,,
"CRJ7, CANADAIR, Regional Jet CRJ-701",CL-600 Regional Jet CRJ-701,CRJ7,Landplane,Medium,3000,41000,,
"CRJ7,CL-600 Regional Jet CRJ-700",CL-600 Regional Jet CRJ-700,CRJ7,Landplane,Medium,3000,41000,,
CRJ8,CL-600 Regional Jet CRJ-705,CRJ9,Landplane,Medium,3000,41000,,
crj9,CL-600 Regional Jet CRJ-900,CRJ9,Landplane,Medium,3000,41000,,
CRJ9 CANADAIR CL-600 Regional Jet CRJ-900,CL-600 Regional Jet CRJ-900,CRJ9,Landplane,Medium,3000,41000,,
"CRJ9, CANADAIR, Challenger 890",CL-600 Challenger 890,CRJ9,Landplane,Medium,3000,41000,,
"CRJ9, CANADAIR, CL-600 Regional Jet CRJ-705",CL-600 Regional Jet CRJ-705,CRJ9,Landplane,Medium,3000,41000,,
"CRJ9, CANADAIR, CL-600 Regional Jet CRJ-900",CL-600 Regional Jet CRJ-900,CRJ9,Landplane,Medium,3000,41000,,
"CRJ9, CANADAIR, Regional Jet CRJ-705",CL-600 Regional Jet CRJ-705,CRJ9,Landplane,Medium,3000,41000,,
"CRJ9, CANADAIR, Regional Jet CRJ-900",CL-600 Regional Jet CRJ-900,CRJ9,Landplane,Medium,3000,41000,,
"CRJ9,CL-600 Regional Jet CRJ-900",CL-600 Regional Jet CRJ-900,CRJ9,Landplane,Medium,3000,41000,,
CRUZ,SportCruiser,CRUZ,Landplane,Light,800,18000,,
"CRUZ, CZAW, SportCruiser",SportCruiser,CRUZ,Landplane,Light,800,18000,,
"CRUZ,SportCruiser",SportCruiser,CRUZ,Landplane,Light,800,18000,,
"CUB2, ACES HIGH, Cuby 2",Cuby 2,CUB2,Landplane,Light,500,,,
"CVLP, CONVAIR, C-131",C-131,CVLP,Landplane,Medium,1200,25500,,
"CVLP, CONVAIR, Convairliner",Convairliner,CVLP,Landplane,Medium,1200,25500,,
CVLT,CC-109 Cosmopolitan,CVLT,Landplane,Medium,1500,24000,,
"CVLT, CANADAIR, CC-109 Cosmopolitan",CC-109 Cosmopolitan,CVLT,Landplane,Medium,1500,24000,,
"CVLT, CANADAIR, CL-66",CL-66,CVLT,Landplane,Medium,1500,24000,,
"CVLT, CONVAIR, CV-580",CV-580,CVLT,Landplane,Medium,1500,24000,,
"CZAW, Czech Sport  Aircraft, SportCruiser",SportCruiser,CRUZ,Landplane,Light,800,18000,,
"D228, FAIRCHILD DORNIER, 228",228,D228,Landplane,Light,1500,28000,,
DA28,Do-28D Skyservant,D28D,Landplane,Light,800,25200,,
C146,C-146,D328,Landplane,Medium,2000,35000,,
D328,328,D328,Landplane,Medium,2000,35000,,
"D328, DORNIER, 328",328,D328,Landplane,Medium,2000,35000,,
"D6CR, DRUINE, D-61 Condor",D-61 Condor,D6CR,Landplane,Light,600,12000,,
DA20,Eclipse/Evolution,DV20,Landplane,Light,800,17600,,
DA20 DIAMOND Eclipse/Evolution,Eclipse/Evolution,DV20,Landplane,Light,800,17600,,
"DA20, DIAMOND, Eclipse/Evolution",Eclipse/Evolution,DV20,Landplane,Light,800,17600,,
da40,DA-40 Diamond Star,DA40,Landplane,Light,600,16400,,
DA40 DIAMOND DA-40 Diamond Star,DA-40 Diamond Star,DA40,Landplane,Light,600,16400,,
"DA40, DIAMOND, DA-40 Diamond Star",DA-40 Diamond Star,DA40,Landplane,Light,600,16400,,
"DA40, DIAMOND, Katana (DA-40)",DA-40 Katana,DA40,Landplane,Light,600,16400,,
"DA40,DA-40 Diamond Star",DA-40 Diamond Star,DA40,Landplane,Light,600,16400,,
DAQ40,DA-40 Club Star,DA40,Landplane,Light,600,16400,,
DV40,DA-40 Club Star,DA40,Landplane,Light,600,16400,,
DA42,DA-42 Twin Star,DA42,Landplane,Light,1400,18000,,
DA42 DIAMOND Twin Star,DA-42 Twin Star,DA42,Landplane,Light,1400,18000,,
"DA42, DIAMOND, DA-42 Twin Star",DA-42 Twin Star,DA42,Landplane,Light,1400,18000,,
"DA42, DIAMOND, Twin Star",DA-42 Twin Star,DA42,Landplane,Light,1400,18000,,
"DA42,Twin Star",DA-42 Twin Star,DA42,Landplane,Light,1400,18000,,
DA44,DA-42 Twin Star,DA42,Landplane,Light,1400,18000,,
DA50,SuperStar,DA50,Landplane,Light,1000,18000,,
"DA50, DIAMOND, DA-50 Super Star",SuperStar,DA50,Landplane,Light,1000,18000,,
DC10,MD-10,DC10,Landplane,Heavy,2400,42000,,
"DC10, BOEING, MD-10",MD-10,DC10,Landplane,Heavy,2400,42000,,
"DC10, MCDONNELL DOUGLAS, DC-10",DC-10,DC10,Landplane,Heavy,2400,42000,,
"DC10, MCDONNELL DOUGLAS, KC-10 Extender",KC-10 Extender,DC10,Landplane,Heavy,2400,42000,,
"DC10,MD-10",MD-10,DC10,Landplane,Heavy,2400,42000,,
KC10,KC-10 Extender,DC10,Landplane,Heavy,2400,42000,,
"KC10, McDonnell Douglas, KC-10 Extender",KC-10 Extender,DC10,Landplane,Heavy,2400,42000,,
"MD10, McDonnell Douglas, MD10",KC-10 Extender,DC10,Landplane,Heavy,2400,42000,,
DC3,AC-47 Skytrain,DC3,Landplane,Medium,1000,23200,,
"DC3, DOUGLAS, AC-47 Skytrain",AC-47 Skytrain,DC3,Landplane,Medium,1000,23200,,
"DC3T, PROFESSIONAL AVIATION, Super Dakota",Super Dakota,DC3T,Landplane,Medium,1800,25000,,
"DC6, DOUGLAS, C-118 Liftmaster",C-118 Liftmaster,DC6,Landplane,Medium,1000,25000,,
"DC86, DOUGLAS, DC-8-60",DC-8-60,DC86,Landplane,Heavy,2000,42000,,
"DC87, DOUGLAS, DC-8-70",DC-8-70,DC87,Landplane,Heavy,2500,42000,,
DC91,DC-9-10,DC91,Landplane,Medium,3000,35000,,
"DC91, DOUGLAS, DC-9-10",DC-9-10,DC91,Landplane,Medium,3000,35000,,
"DC91,DC-9-10",DC-9-10,DC91,Landplane,Medium,3000,35000,,
DC93,DC-9-30,DC93,Landplane,Medium,3000,35000,,
"DC93, DOUGLAS, DC-9-30",DC-9-30,DC93,Landplane,Medium,3000,35000,,
"DC94, MCDONNELL DOUGLAS, DC-9-40",DC-9-40,DC94,Landplane,Medium,3000,35000,,
"DC95, DOUGLAS, DC-9-50",DC-9-50,DC95,Landplane,Medium,3000,35000,,
"DH60, DE HAVILLAND, DH-60 Moth",DH-60 Moth,DH60,Landplane,Light,400,14500,,
DH80 DE HAVILLAND DH-80 Puss Moth,DH-80 Puss Moth,DH80,Landplane,Light,500,17500,,
"DH80, DE HAVILLAND, DH-80 Puss Moth",Puss Moth,DH80,Landplane,Light,500,17500,,
"DH82, DE HAVILLAND, Tiger Moth",Tiger Moth,DH82,Landplane,Light,500,13600,,
"DH82, OGMA, Tiger Moth",Tiger Moth,DH82,Landplane,Light,500,13600,,
dash8,Dash 8 (100),DH8A,Landplane,Medium,1200,25000,,
DH8A,CC-142 Dash 8,DH8A,Landplane,Medium,1200,25000,,
"DH8A, DE HAVILLAND CANADA, CC-142 Dash 8",CC-142 Dash 8,DH8A,Landplane,Medium,1200,25000,,
"DH8A, DE HAVILLAND CANADA, Dash 8 (100)",Dash 8 (100),DH8A,Landplane,Medium,1200,25000,,
DSH8,Dash 8 (100),DH8A,Landplane,Medium,1200,25000,,
"DH8B, DE HAVILLAND CANADA, Dash 8 (200)",DHC-8-200 Dash 8,DH8B,Landplane,Medium,1200,25000,,
"DH8B, DE HAVILLAND CANADA, DHC-8-200 Dash 8",DHC-8-200 Dash 8,DH8B,Landplane,Medium,1200,25000,,
DH8C,Dash 8 (300),DH8C,Landplane,Medium,1800,25000,,
"DH8C, DE HAVILLAND CANADA, Dash 8 (300)",Dash 8 (300),DH8C,Landplane,Medium,1800,25000,,
DHC8,Dash 8 (300),DH8C,Landplane,Medium,1800,25000,,
DH8D,Dash 8 (400),DH8D,Landplane,Medium,2500,25000,,
DH8D DE HAVILLAND CANADA Dash 8 (400),Dash 8 (400),DH8D,Landplane,Medium,2500,25000,,
"DH8D, DE HAVILLAND CANADA, Dash 8 (400)",Dash 8 (400),DH8D,Landplane,Medium,2500,25000,,
"DH8D, DE HAVILLAND CANADA, DHC-8-400 Dash 8",Dash 8 (400),DH8D,Landplane,Medium,2500,25000,,
"DH8D,Dash 8 (400)",Dash 8 (400),DH8D,Landplane,Medium,2500,25000,,
DHC6,CC-138 Twin Otter,DHC6,Landplane,Light,1300,26700,,
"DHC6, DE HAVILLAND CANADA, CC-138 Twin Otter",CC-138 Twin Otter,DHC6,Landplane,Light,1300,26700,,
"DHC7, DE HAVILLAND CANADA, Dash 7",Dash 7,DHC7,Landplane,Medium,1000,21000,,
C127,C-127,DO27,Landplane,Light,700,10800,,
DV20,DA-20 Eclipse,DV20,Landplane,Light,800,17600,,
DV20 DIAMOND DA-20 Eclipse,DA-20 Eclipse,DV20,Landplane,Light,800,17600,,
"DV20, DIAMOND, DA-20 Eclipse",DA-20 Eclipse,DV20,Landplane,Light,800,17600,,
"DV20, DIAMOND, Falcon",DA-20 Falcon,DV20,Landplane,Light,800,17600,,
E110,Bandeirante,E110,Landplane,Light,1500,22500,,
"E110, EMBRAER, Bandeirante",Bandeirante,E110,Landplane,Light,1500,22500,,
E120,Brasilia,E120,Landplane,Medium,2000,32000,,
E120 EMBRAER Brasilia,Brasilia,E120,Landplane,Medium,2000,32000,,
"E120, EMBRAER, Brasilia",Brasilia,E120,Landplane,Medium,2000,32000,,
"E120, NEIVA, EMB-120 Brasilia",EMB-120 Brasilia,E120,Landplane,Medium,2000,32000,,
E135,EMB-135ER,E135,Landplane,Medium,1800,37000,,
E135 EMBRAER EMB-135,EMB-135ER,E135,Landplane,Medium,1800,37000,,
"E135, EMBRAER, EMB-135",EMB-135ER,E135,Landplane,Medium,1800,37000,,
"E135, EMBRAER, ERJ-135",ERJ-135,E135,Landplane,Medium,1800,37000,,
"E135, EMBRAER, ERJ-140",ERJ-140,E135,Landplane,Medium,1800,37000,,
"E135, EMBRAER, Legacy 600",EMB-135ER,E135,Landplane,Medium,1800,37000,,
"E135,EMB-135",EMB-135ER,E135,Landplane,Medium,1800,37000,,
e145,C-99,E145,Landplane,Medium,1800,37000,,
E145 EMBRAER C-99,C-99,E145,Landplane,Medium,1800,37000,,
"E145, EMBRAER, C-99",C-99,E145,Landplane,Medium,1800,37000,,
"E145, EMBRAER, EMB-145AEW",EMB-145AEW&C,E145,Landplane,Medium,1800,37000,,
"E145, EMBRAER, EMB-145EP",EMB-145EP,E145,Landplane,Medium,1800,37000,,
"E145, EMBRAER, EMB-145ER",EMB-145ER,E145,Landplane,Medium,1800,37000,,
"E145, EMBRAER, EMB-145EU",EMB-145EU,E145,Landplane,Medium,1800,37000,,
"E145, EMBRAER, EMB-145MP",EMB-145MP,E145,Landplane,Medium,1800,37000,,
"E145, EMBRAER, EMB-145MP/ASW",EMB-145MP/ASW,E145,Landplane,Medium,1800,37000,,
"E145, EMBRAER, EMB-145RS",EMB-145RS,E145,Landplane,Medium,1800,37000,,
"E145, EMBRAER, ERJ-145EP",ERJ-145EP,E145,Landplane,Medium,1800,37000,,
"E145, EMBRAER, ERJ-145ER",ERJ-145ER,E145,Landplane,Medium,1800,37000,,
"E145, EMBRAER, ERJ-145LR",ERJ-145LR,E145,Landplane,Medium,1800,37000,,
"E145,C-99",C-99,E145,Landplane,Medium,1800,37000,,
E145L,EMB-145LR,E145,Landplane,Medium,1800,37000,,
E170,170,E170,Landplane,Medium,1700,41000,,
E170 EMBRAER ERJ-170,170,E170,Landplane,Medium,1700,41000,,
"E170, EMBRAER, 170",170,E170,Landplane,Medium,1700,41000,,
"E170, EMBRAER, 175",170,E170,Landplane,Medium,1700,41000,,
"E170, EMBRAER, ERJ-170",170,E170,Landplane,Medium,1700,41000,,
"E170,ERJ-170",170,E170,Landplane,Medium,1700,41000,,
E190,190,E190,Landplane,Medium,1900,41000,,
E190 EMBRAER 190,190,E190,Landplane,Medium,1900,41000,,
"E190, EMBRAER, 190",190,E190,Landplane,Medium,1900,41000,,
"E190, EMBRAER, ERJ-190",190,E190,Landplane,Medium,1900,41000,,
"E190, EMBRAER, ERJ-190 Lineage 1000",ERJ-190 Lineage 1000,E190,Landplane,Medium,1900,41000,,
"E190, EMBRAER, 195",ERJ-190-200,E195,Landplane,Medium,1900,41000,,
"E2, GRUMMAN, Daya",Daya,E2,Landplane,Medium,2000,37000,,
"E2, GRUMMAN, E-2 Hawkeye",E-2 Hawkeye,E2,Landplane,Medium,2000,37000,,
a175,E175-E2,E275,Landplane,Medium,,,,
E175,E175-E2,E275,Landplane,Medium,,,,
E35L,EMB-135BJ Legacy,E35L,Landplane,Medium,1800,41000,,
"E35L, EMBRAER, EMB-135",EMB-135BJ Legacy,E35L,Landplane,Medium,1800,41000,,
"E3CF, BOEING, E-3F Sentry",E-3F Sentry,E3CF,Landplane,Heavy,3500,,,
E3,JE-3 Sentry,E3TF,Landplane,Heavy,3500,,,
"E3, Boeing, AWACS SENTRY",JE-3 Sentry,E3TF,Landplane,Heavy,3500,,,
E3TF,E-3A (TF33) Sentry,E3TF,Landplane,Heavy,3500,,,
E3TF BOEING E-3A (TF33) Sentry,E-3A (TF33) Sentry,E3TF,Landplane,Heavy,3500,,,
"E3TF, BOEING, E-3A (TF33) Sentry",E-3A (TF33) Sentry,E3TF,Landplane,Heavy,3500,,,
E45X,ERJ-145XR,E45X,Landplane,Medium,1800,37000,,
E45X EMBRAER ERJ-145XR,ERJ-145XR,E45X,Landplane,Medium,1800,37000,,
"E45X, EMBRAER, EMB-145XR",EMB-145XR,E45X,Landplane,Medium,1800,37000,,
"E45X, EMBRAER, ERJ-145XR",ERJ-145XR,E45X,Landplane,Medium,1800,37000,,
"E45X,ERJ-145XR",ERJ-145XR,E45X,Landplane,Medium,1800,37000,,
"E500, EXTRA, EA-500",EA-500,E500,Landplane,Light,1800,25000,,
E50P,EMB-500 Phenom 100,E50P,Landplane,Light,1900,41000,,
E50P EMBRAER EMB-500 Phenom 100,EMB-500 Phenom 100,E50P,Landplane,Light,1900,41000,,
"E50P, EMBRAER, EMB-500 Phenom 100",EMB-500 Phenom 100,E50P,Landplane,Light,1900,41000,,
"E50P,EMB-500 Phenom 100",EMB-500 Phenom 100,E50P,Landplane,Light,1900,41000,,
E545,Legacy 450,E545,Landplane,Medium,2000,45000,,
"E545, Embraer, Legacy 450",Legacy 450,E545,Landplane,Medium,2000,45000,,
"E545, Embraer, Legacy 500",Praetor 500,E545,Landplane,Medium,2000,45000,,
E55P,EMB-505 Phenom 300,E55P,Landplane,Medium,1900,45000,,
E55P EMBRAER EMB-505 Phenom 300,EMB-505 Phenom 300,E55P,Landplane,Medium,1900,45000,,
"E55P, EMBRAER, EMB-505 Phenom 300",EMB-505 Phenom 300,E55P,Landplane,Medium,1900,45000,,
"E55P, EMBRAER, Phenom 300",Phenom 300,E55P,Landplane,Medium,1900,45000,,
"E55P,EMB-505 Phenom 300",EMB-505 Phenom 300,E55P,Landplane,Medium,1900,45000,,
E6,E-6 Mercury,E6,Landplane,Heavy,3500,42000,,
"E6, BOEING, E-6 Mercury",E-6 Mercury,E6,Landplane,Heavy,3500,42000,,
e75,175 (long wing),E75L,Landplane,Medium,,41000,,
E750,175 (long wing),E75L,Landplane,Medium,,41000,,
e75l,175 (long wing),E75L,Landplane,Medium,,41000,,
E75L Embraer 175,175 (long wing),E75L,Landplane,Medium,,41000,,
E75L Embraer E175,175 (long wing),E75L,Landplane,Medium,,41000,,
"E75L, Embraer, 175",175 (long wing),E75L,Landplane,Medium,,41000,,
"E75L, Embraer, E175",175 (long wing),E75L,Landplane,Medium,,41000,,
"E75L, EMBRAER, E75L",175 (long wing),E75L,Landplane,Medium,,41000,,
E75LR,175 (long wing),E75L,Landplane,Medium,,41000,,
E75S,ERJ-170-200 (short wing),E75S,Landplane,Medium,,41000,,
E75S Embraer ERJ 170-200 LR,ERJ-170-200 (short wing),E75S,Landplane,Medium,,41000,,
"E75S, Embraer, ERJ 170-200 LR",ERJ-170-200 (short wing),E75S,Landplane,Medium,,41000,,
"E75S,ERJ 170-200 LR",ERJ-170-200 (short wing),E75S,Landplane,Medium,,41000,,
E75SL,175 (short wing),E75S,Landplane,Medium,,41000,,
EA50,Eclipse 500,EA50,Landplane,Light,2400,41000,,
EA50 ECLIPSE Eclipse 500,Eclipse 500,EA50,Landplane,Light,2400,41000,,
"EA50, ECLIPSE, Eclipse 500",Eclipse 500,EA50,Landplane,Light,2400,41000,,
"EA50,Eclipse 500",Eclipse 500,EA50,Landplane,Light,2400,41000,,
EC20,Colibri,EC20,Helicopter,Light,1000,17000,,
"EC20, EUROCOPTER, Colibri",Colibri,EC20,Helicopter,Light,1000,17000,,
"EC20, EUROCOPTER, EC-120 Colibri",Colibri,EC20,Helicopter,Light,1000,17000,,
"EC25, EUROCOPTER, Cougar (EC-725)",Cougar Mk2+,EC25,Helicopter,Medium,700,17000,,
"EC25, EUROCOPTER, EC-225 Super Puma",EC-225 Super Puma Mk2+,EC25,Helicopter,Medium,700,17000,,
EC30,EC-130,EC30,Helicopter,Light,1800,23000,,
"EC30, EUROCOPTER, EC-130",EC-130,EC30,Helicopter,Light,1800,23000,,
H130,EC-130 Stylence,EC30,Helicopter,Light,1800,23000,,
EC135,EC-135 Bluecopter,EC35,Helicopter,Light,1200,10000,,
EC35,EC-135,EC35,Helicopter,Light,1200,10000,,
EC35 EUROCOPTER EC-135,EC-135,EC35,Helicopter,Light,1200,10000,,
"EC35, EUROCOPTER, EC-135",EC-135,EC35,Helicopter,Light,1200,10000,,
"EC35,EC-135",EC-135,EC35,Helicopter,Light,1200,10000,,
H135,EC-135,EC35,Helicopter,Light,1200,10000,,
EC145,EC-145 Stylence,EC45,Helicopter,Light,1900,18000,,
EC45,EC-145,EC45,Helicopter,Light,1900,18000,,
EC45 EUROCOPTER EC-145,EC-145,EC45,Helicopter,Light,1900,18000,,
"EC45, EUROCOPTER, BK-117C-2",BK-117C-2,EC45,Helicopter,Light,1900,18000,,
"EC45, EUROCOPTER, EC-145",EC-145,EC45,Helicopter,Light,1900,18000,,
"EC45, KAWASAKI, BK-117C-2",BK-117C-2,EC45,Helicopter,Light,1900,18000,,
"EC45,EC-145",EC-145,EC45,Helicopter,Light,1900,18000,,
H145,H-145,EC45,Helicopter,Light,1900,18000,,
H72,H-72 Lakota,EC45,Helicopter,Light,1900,18000,,
H72 HUGHES UH72 LAKOTA,H-72 Lakota,EC45,Helicopter,Light,1900,18000,,
"H72, HUGHES, UH72 LAKOTA",H-72 Lakota,EC45,Helicopter,Light,1900,18000,,
uh72,UH-72 Lakota,EC45,Helicopter,Light,1900,18000,,
"EC55, EUROCOPTER, EC-155",EC-155,EC55,Helicopter,Light,1000,15000,,
"EH10, AGUSTA, EH-101",EH-101,EH10,Helicopter,Medium,,10000,,
"EN28, ENSTROM, 280 Shark",280 Shark,EN28,Helicopter,Light,1200,12000,,
"EPIC, AIR, Epic",Epic Dynasty,EPIC,Landplane,Light,2300,34000,,
"ERCO, AIR PRODUCTS, Aircoupe",Aircoupe,ERCO,Landplane,Light,500,13000,,
"EURT, FFT, Eurotrainer 2000",Eurotrainer 2000,EURT,Landplane,Light,1000,23100,,
"EVSS, EVEKTOR-AEROTECHNIK, SportStar",SportStar,EVSS,Landplane,Light,800,15800,,
EXP,EXPERIMENTAL,EXP,EXP,Unknown,,,,
"EXP, EXPERIMENTAL, EXPERIMENTAL",EXPERIMENTAL,EXP,EXP,Unknown,,,,
"EXP,EXPERIMENTAL",EXPERIMENTAL,EXP,EXP,Unknown,,,,
EXPL,Explorer,EXPL,Helicopter,Light,800,17500,,
"EXPL, BOEING, Explorer",Explorer,EXPL,Helicopter,Light,800,17500,,
EXPR,90,EXPR,Landplane,Light,2400,28000,,
F15,Eagle,F15,Landplane,Medium,40000,65000,,
"F15, BOEING, Eagle",Eagle,F15,Landplane,Medium,40000,65000,,
2/F16,F-16 Fighting Falcon,F16,Landplane,Medium,40000,50000,,
F16,F-16 Fighting Falcon,F16,Landplane,Medium,40000,50000,,
"F16, FOKKER, F-16 Fighting Falcon",F-16 Fighting Falcon,F16,Landplane,Medium,40000,50000,,
"F16, GENERAL DYNAMICS, F-16C Fighting Falcon",F-16C Fighting Falcon,F16,Landplane,Medium,40000,50000,,
F18,AF-18 Hornet,F18H,Landplane,Medium,40000,50000,,
"F18, ASTA, AF-18 Hornet",AF-18 Hornet,F18H,Landplane,Medium,40000,50000,,
"F18, BOEING, FA-18 Hornet",Hornet,F18H,Landplane,Medium,40000,50000,,
"F18, BOEING, FA-18 Super Hornet",Super Hornet,F18S,Landplane,Medium,20000,50000,,
"F18, BOEING, Super Hornet",Super Hornet,F18S,Landplane,Medium,20000,50000,,
"F22, BOEING, FA-22 Raptor",F-22 Raptor,F22,Landplane,Medium,35000,50000,,
F260,F-260E,F260,Landplane,Light,1400,20000,,
"F28, FOKKER, Fellowship",F-28 Fellowship,F28,Landplane,Medium,3000,35000,,
F2TH,Falcon 2000,F2TH,Landplane,Medium,2000,47000,,
F2TH DASSAULT Falcon 2000,Falcon 2000,F2TH,Landplane,Medium,2000,47000,,
"F2TH, DASSAULT, Falcon 2000",Falcon 2000,F2TH,Landplane,Medium,2000,47000,,
F35,F-35A Lightning II,F35,Landplane,Medium,8000,,,
"F35, LOCKHEED MARTIN, F-35A",F-35A Lightning II,F35,Landplane,Medium,8000,,,
F5,CF-5,F5,Landplane,Medium,28000,51800,,
"F5, CANADAIR, CF-5",CF-5,F5,Landplane,Medium,28000,51800,,
F800,Falcon 900,F900,Landplane,Medium,2000,51000,,
F900,Falcon 900,F900,Landplane,Medium,2000,51000,,
F900 DASSAULT Falcon 900,Falcon 900,F900,Landplane,Medium,2000,51000,,
"F900, DASSAULT, Falcon 900",Falcon 900,F900,Landplane,Medium,2000,51000,,
"F900, DASSAULT-BREGUET, Falcon 900",Falcon 900,F900,Landplane,Medium,2000,51000,,
"F900, DASSAULT-BREGUET, T-18 Falcon 900",Falcon 900,F900,Landplane,Medium,2000,51000,,
"FA10, DASSAULT, Falcon 10",Falcon 10,FA10,Landplane,Medium,2300,45000,,
FA20,Falcon 20,FA20,Landplane,Medium,2000,45000,,
FA20 DASSAULT Falcon 20,Falcon 20,FA20,Landplane,Medium,2000,45000,,
"FA20, DASSAULT, Falcon 20",Falcon 20,FA20,Landplane,Medium,2000,45000,,
"FA20, DASSAULT, Falcon 200",Falcon 200,FA20,Landplane,Medium,2000,45000,,
FA50,Falcon 50,FA50,Landplane,Medium,1800,49000,,
"FA50, DASSAULT, Falcon 50",Falcon 50,FA50,Landplane,Medium,1800,49000,,
"FA50, DASSAULT-BREGUET, Falcon 50",Falcon 50,FA50,Landplane,Medium,1800,49000,,
"FA50, DASSAULT-BREGUET, T-16 MystÃ¨re 50",Mystère 50,FA50,Landplane,Medium,1800,49000,,
FA7X,Falcon 7X,FA7X,Landplane,Medium,3000,51000,,
FA7X DASSAULT Falcon 7X,Falcon 7X,FA7X,Landplane,Medium,3000,51000,,
"FA7X, DASSAULT, Falcon 7X",Falcon 7X,FA7X,Landplane,Medium,3000,51000,,
"FDCT, FLIGHT DESIGN, CT",CT,FDCT,Landplane,Light,800,14000,,
G150,Gulfstream G150,G150,Landplane,Medium,4000,45000,,
"G150, IAI, Gulfstream G150",Gulfstream G150,G150,Landplane,Medium,4000,45000,,
"G159, GRUMMAN, Academe",Academe,G159,Landplane,Medium,1500,30000,,
"G200, AKROTECH, G-200",G-200,G200,Landplane,Light,3300,,,
"G21T, MCKINNON, Turbo Goose",Turbo Goose,G21T,Amphibian,Light,1000,20000,,
G280,Gulfstream G280,G280,Landplane,Medium,2400,45000,,
"G280, GULFSTREAM INDUSTRIES, G280",Gulfstream G280,G280,Landplane,Medium,2400,45000,,
G2CA,Gulfstream G280,G280,Landplane,Medium,2400,45000,,
"G2CA, GUIMBAL, Cabri",Gulfstream G280,G280,Landplane,Medium,2400,45000,,
GA5C,G-7 Gulfstream G500,GA5C,Landplane,Medium,,51000,,
"GA7, GRUMMAN AMERICAN, Cougar",Cougar,GA7,Landplane,Light,1500,17400,,
GA7C,Cougar,GA7,Landplane,Light,1500,17400,,
GA8,Airvan,GA8,Landplane,Light,600,20000,,
GA8 GIPPSLAND Airvan,Airvan,GA8,Landplane,Light,600,20000,,
"GA8, GIPPSLAND, Airvan",Airvan,GA8,Landplane,Light,600,20000,,
"GA8, GIPPSLAND, GA-8 Airvan",GA-8 Airvan,GA8,Landplane,Light,600,20000,,
"GA8,Airvan",Airvan,GA8,Landplane,Light,600,20000,,
GALX,1126 Galaxy,GALX,Landplane,Medium,4000,45000,,
GALX IAI 1126 Galaxy,1126 Galaxy,GALX,Landplane,Medium,4000,45000,,
"GALX, IAI, 1126 Galaxy",1126 Galaxy,GALX,Landplane,Medium,4000,45000,,
"GALX, IAI, Galaxy",1126 Galaxy,GALX,Landplane,Medium,4000,45000,,
UH42,HN-42 Partizan,GAZL,Helicopter,Light,1400,16400,,
"GC1, GLOBE, GC-1 Swift",GC-1 Swift,GC1,Landplane,Light,600,18000,,
"GC1, TEMCO, Swift",Swift,GC1,Landplane,Light,600,18000,,
"GL5T, BOMBARDIER, BD-700 Global 5000",BD-700 Global 5000,GL5T,Landplane,Medium,3500,51000,,
GL7T,BD-700 Global 7000,GL7T,Landplane,Medium,,51000,,
"GLAS, NEW GLASAIR, Glasair",Glasair,GLAS,Landplane,Light,2200,30000,,
"GLAS, STODDARD-HAMILTON, Glasair",Glasair,GLAS,Landplane,Light,2200,30000,,
GLEX,BD-700 Global 6000,GLEX,Landplane,Medium,3000,51000,,
"GLEX, BOMBARDIER, BD-700 Global Express",BD-700 Global 6000,GLEX,Landplane,Medium,3000,51000,,
"GLEX, BOMBARDIER, Global Express",Global Express,GLEX,Landplane,Medium,3000,51000,,
"GLEX, BOMBARDIER, Sentinel",Sentinel,GLEX,Landplane,Medium,3000,51000,,
"GLEX,BD-700 Global Express",BD-700 Global Express,GLEX,Landplane,Medium,3000,51000,,
"GLF2, GRUMMAN AMERICAN, Gulfstream 2",Gulfstream 2,GLF2,Landplane,Medium,4000,43000,,
"GLF2, GRUMMAN, C-20J Gulfstream 2SP",C-20J Gulfstream 2SP,GLF2,Landplane,Medium,4000,43000,,
"GLF3, GULFSTREAM AEROSPACE, C-20A Gulfstream 3",C-20A Gulfstream 3,GLF3,Landplane,Medium,4000,45000,,
GLF4,C-20F Gulfstream 4,GLF4,Landplane,Medium,3300,45000,,
GLF4 GULFSTREAM AEROSPACE C-20F Gulfstream 4,C-20F Gulfstream 4,GLF4,Landplane,Medium,3300,45000,,
"GLF4, GULFSTREAM AEROSPACE, C-20F Gulfstream 4",C-20F Gulfstream 4,GLF4,Landplane,Medium,3300,45000,,
"GLF4, GULFSTREAM AEROSPACE, G-4 Gulfstream 4",G-4 Gulfstream 4,GLF4,Landplane,Medium,3300,45000,,
GLF5,C-37 Gulfstream 5,GLF5,Landplane,Medium,4000,51000,,
GLF5 GULFSTREAM AEROSPACE C-37 Gulfstream 5,C-37 Gulfstream 5,GLF5,Landplane,Medium,4000,51000,,
"GLF5, GULFSTREAM AEROSPACE, C-37 Gulfstream 5",C-37 Gulfstream 5,GLF5,Landplane,Medium,4000,51000,,
"GLF5, GULFSTREAM AEROSPACE, G-5 Gulfstream 5",G-5 Gulfstream 5,GLF5,Landplane,Medium,4000,51000,,
"GLF5, GULFSTREAM AEROSPACE, Gulfstream 5",G-5 Gulfstream 5,GLF5,Landplane,Medium,4000,51000,,
GLF6,Gulfstream G650,GLF6,Landplane,Medium,3500,51000,,
GLF6 GRUMMAN Gulfstream 650,Gulfstream G650,GLF6,Landplane,Medium,3500,51000,,
"GLF6, GRUMMAN, Gulfstream 650",Gulfstream G650,GLF6,Landplane,Medium,3500,51000,,
GLST,GlaStar,GLST,Landplane,Light,1700,20000,,
"GS2, GLASAIR, GS-2 SPORTSMAN",Sportsman 2+2,GLST,Landplane,Light,1700,20000,,
"H12T, HILLER, UH-12E3T",UH-12E3T,H12T,Helicopter,Light,1000,15000,,
"H12T, HILLER, UH-12E4T",UH-12E4T,H12T,Helicopter,Light,1000,15000,,
"H2, KAMAN, Super Seasprite",Seaprite,H2,Helicopter,Light,2100,23900,,
H25A,DH-125,H25A,Landplane,Medium,3900,41000,,
"H25A, DE HAVILLAND, DH-125",DH-125,H25A,Landplane,Medium,3900,41000,,
"H25A, HAWKER SIDDELEY, HS-125-1",HS-125-1,H25A,Landplane,Medium,3900,41000,,
H25B,BAe-125-700,H25B,Landplane,Medium,2500,41000,,
H25B BRITISH AEROSPACE BAe-125-700,BAe-125-700,H25B,Landplane,Medium,2500,41000,,
"H25B, BRITISH AEROSPACE, BAe-125-700",BAe-125-700,H25B,Landplane,Medium,2500,41000,,
"H25B, HAWKER BEECHCRAFT, Hawker 750",Hawker 750,H25B,Landplane,Medium,2500,41000,,
"H25B, RAYTHEON, Hawker 800",Hawker 800,H25B,Landplane,Medium,2500,41000,,
"H25C, BRITISH AEROSPACE, BAe-125-1000",BAe-125-1000,H25C,Landplane,Medium,3000,43000,,
"H269, BREDANARDI, NH-300",NH-300,H269,Helicopter,Light,1000,10800,,
"H269, HUGHES, 269",269,H269,Helicopter,Light,1000,10800,,
"H269, HUGHES, 269 Sky Knight",269 Sky Knight,H269,Helicopter,Light,1000,10800,,
"H269, SCHWEIZER, 269C",269C,H269,Helicopter,Light,1000,10800,,
"H46, BOEING VERTOL, UH-46 Sea Knight",UH-46 Sea Knight,H46,Helicopter,Medium,1400,14000,,
H47,CH-47 Chinook,H47,Helicopter,Medium,1500,11100,,
H47 BOEING CH-47 Chinook,CH-47 Chinook,H47,Helicopter,Medium,1500,11100,,
"H47, BOEING, CH-47 Chinook",CH-47 Chinook,H47,Helicopter,Medium,1500,11100,,
H500,NH-500,H500,Helicopter,Light,1500,18700,,
H500 AGUSTA NH-500,NH-500,H500,Helicopter,Light,1500,18700,,
"H500, AGUSTA, NH-500",NH-500,H500,Helicopter,Light,1500,18700,,
"H500, BOEING, MD-500",MD-500,H500,Helicopter,Light,1500,18700,,
"H500, BOEING, MD-530MG Nightfox",MD-500 Nightfox,H500,Helicopter,Light,1500,18700,,
"H500, HUGHES, MH-6H",MH-6H,H500,Helicopter,Light,1500,18700,,
"H500,NH-500",NH-500,H500,Helicopter,Light,1500,18700,,
CH53,CH-53A Sea Stallion,H53,Helicopter,Medium,1500,21000,,
"H53, SIKORSKY, CH-53A Sea Stallion",CH-53A Sea Stallion,H53,Helicopter,Medium,1500,21000,,
"H53, SIKORSKY, CH-53C",CH-53C,H53,Helicopter,Medium,1500,21000,,
H60,S-70 Seahawk,H60,Helicopter,Medium,2000,19200,,
H60 Sikorsky S-70 Seahawk,Seahawk,H60,Helicopter,Medium,2000,19200,,
"H60, ASTA, S-70 Seahawk",S-70 Seahawk,H60,Helicopter,Medium,2000,19200,,
"H60, ASTA, Seahawk",S-70 Seahawk,H60,Helicopter,Medium,2000,19200,,
"H60, HAWKER DE HAVILLAND, Black Hawk",Black Hawk,H60,Helicopter,Medium,2000,19200,,
"H60, KOREAN AIR, UH-60 Black Hawk",UH-60 Black Hawk,H60,Helicopter,Medium,2000,19200,,
"H60, MITSUBISHI, SH-60 Seahawk",SH-60 Seahawk,H60,Helicopter,Medium,2000,19200,,
"H60, MITSUBISHI, UH-60",UH-60,H60,Helicopter,Medium,2000,19200,,
"H60, SIKORSKY, AH-60 Black Hawk",AH-60 Black Hawk,H60,Helicopter,Medium,2000,19200,,
"H60, Sikorsky, S-70 Seahawk",Seahawk,H60,Helicopter,Medium,2000,19200,,
"H60,S-70 Seahawk",Seahawk,H60,Helicopter,Medium,2000,19200,,
UH60,HH-60 Black Hawk,H60,Helicopter,Medium,2000,19200,,
"UH60, Sikorsky, Black Hawk",HH-60 Black Hawk,H60,Helicopter,Medium,2000,19200,,
AH64,AH-64 Apache,H64,Helicopter,Medium,2000,21000,,
"AH64, Hughes, APACHE",AH-64 Apache,H64,Helicopter,Medium,2000,21000,,
H64,AH-64 Longbow Apache,H64,Helicopter,Medium,2000,21000,,
"H64, BOEING, AH-64 Longbow Apache",AH-64 Longbow Apache,H64,Helicopter,Medium,2000,21000,,
"H64,AH-64 Longbow Apache",AH-64 Longbow Apache,H64,Helicopter,Medium,2000,21000,,
HA4T,4000 Hawker 4000,HA4T,Landplane,Medium,2100,45000,,
"HA4T, HAWKER BEECHCRAFT, 4000 Hawker 4000",4000 Hawker 4000,HA4T,Landplane,Medium,2100,45000,,
"HAR, ALENIA, AV-8 Harrier",AV-8 Harrier,HAR,Landplane,Medium,5000,51200,,
"HAR, BOEING, AV-8 Harrier",AV-8 Harrier,HAR,Landplane,Medium,5000,51200,,
HAWK,CT-155 Hawk,HAWK,Landplane,Medium,9000,46000,,
"HAWK, BAE SYSTEMS, CT-155 Hawk",CT-155 Hawk,HAWK,Landplane,Medium,9000,46000,,
"HAWK, BAE SYSTEMS, T-45 Goshawk",Goshawk,HAWK,Landplane,Medium,9000,46000,,
T45,T-45 Goshawk,HAWK,Landplane,Medium,9000,46000,,
"T45, Boeing, T-45 Training System (T45TS) Goshawk",T-45 Goshawk,HAWK,Landplane,Medium,9000,46000,,
HDJT,HondaJet,HDJT,Landplane,Light,2500,43000,,
"HDJT, HONDA, HondaJet",HondaJet,HDJT,Landplane,Light,2500,43000,,
"Heli, Helicopter, Generic",Generic,heli ,Helicopter,Light,,,,
COPT,HELO,HELO,Helicopter,Light,,,,
HELO,HELO,HELO,Helicopter,Light,,,,
HELO HELO HELO,HELO,HELO,Helicopter,Light,,,,
"HELO, HELO, HELO",HELO,HELO,Helicopter,Light,,,,
"HELO,HELO",HELO,HELO,Helicopter,Light,,,,
"HI27, HIRTH, Acrostar",Acrostar,HI27,Landplane,Light,2400,24600,,
"HT16, HINDUSTAN, HJT-16 Kiran",HJT-16 Kiran,HT16,Landplane,Light,3500,30000,,
"AH1, BELL HELICOPTER, COBRA/HUEY COBRA",AH-1E HueyCobra,HUCO,Helicopter,Light,1300,12200,,
"HUNT, HAWKER, Hunter",Hunter,HUNT,Landplane,Medium,17000,50000,,
HUSK,A-1 Husky,HUSK,Landplane,Light,1200,20000,,
"HXA, VARIOUS, EXPERIMENTAL ACFT less than 100 kts",EXPERIMENTAL ACFT less than 100kts,HXA,Unknown,Unknown,,,,
"HXB, VARIOUS, EXPERIMENTAL ACFT 100 kts to 200 kts",EXPERIMENTAL ACFT 100kts to 200kts,HXB,Unknown,Unknown,,,,
"J3, CUB, Cub",Cub,J3,Landplane,Light,400,12000,,
J328,Dornier 328JET,J328,Landplane,Medium,2500,35000,,
J328 AVCRAFT Dornier Envoy,Dornier 328JET,J328,Landplane,Medium,2500,35000,,
"J328, 328 SUPPORT SERVICES, Dornier 328JET",Dornier 328JET,J328,Landplane,Medium,2500,35000,,
"JS31, BRITISH AEROSPACE, BAe-3100 Jetstream 31",BAe-3100 Jetstream 31,JS31,Landplane,Light/Medium,2000,25000,,
"JS32, BRITISH AEROSPACE, BAe-3200 Jetstream Super 31",BAe-3200 Jetstream Super 31,JS32,Landplane,Medium,2000,25000,,
K35A,KC-135E Stratotanker,K35E,Landplane,Heavy,4000,50000,,
"K35A, BOEING, KC-135A Stratotanker",KC-135E Stratotanker,K35E,Landplane,Heavy,4000,50000,,
"K35E, BOEING, KC-135D Stratotanker",KC-135E Stratotanker,K35E,Landplane,Heavy,4000,50000,,
"K35E,KC-135D Stratotanker",KC-135E Stratotanker,K35E,Landplane,Heavy,4000,50000,,
KC35,Stratotanker (TF33 engines),K35E,Landplane,Heavy,4000,50000,,
K35R,C-135FR Stratotanker,K35R,Landplane,Heavy,4000,50000,,
K35R BOEING C-135FR Stratotanker,C-135FR Stratotanker,K35R,Landplane,Heavy,4000,50000,,
"K35R, BOEING, C-135FR Stratotanker",C-135FR Stratotanker,K35R,Landplane,Heavy,4000,50000,,
"K35R, BOEING, KC-135R Stratotanker",KC-135R Stratotanker,K35R,Landplane,Heavy,4000,50000,,
"K35R, BOEING, KC-135T Stratotanker",KC-135T Stratotanker,K35R,Landplane,Heavy,4000,50000,,
"K35R, BOEING, Stratotanker (CFM56 engines)",Stratotanker (CFM56 engines),K35R,Landplane,Heavy,4000,50000,,
"K35R,C-135FR Stratotanker",C-135FR Stratotanker,K35R,Landplane,Heavy,4000,50000,,
KR35,KC-135R Stratotanker,K35R,Landplane,Heavy,4000,50000,,
"KFIR, IAI, Kfir",Kfir,KFIR,Landplane,Medium,40000,58000,,
"KODI, QUEST, Kodiak",Kodiak,KODI,Landplane,Light,1100,25000,,
"L13, LONGREN, L-13 Centaur",L-13 Centaur,L13,Landplane,Light,700,15000,,
"L29A, LOCKHEED, Jetstar 6",Jetstar 6,L29A,Landplane,Medium,3300,43000,,
"L39, AERO (2), Albatros",Albatros,L39,Landplane,Light,3500,39400,,
"L5, STINSON, L-5 Sentinel",L-5 Sentinel,L5,Landplane,Light,700,15800,,
LA4,Buccaneer,LA4,Amphibian,Light,1000,20000,,
"LA4, LAKE, Buccaneer",Buccaneer,LA4,Amphibian,Light,1000,20000,,
LARK,100 Lark Commander,LARK,Landplane,Light,700,13000,,
LGEZ,61 Long-EZ,LGEZ,Landplane,Light,1400,27000,,
"LGEZ, RUTAN, 61 Long-EZ",61 Long-EZ,LGEZ,Landplane,Light,1400,27000,,
LJ25,25,LJ25,Landplane,Light,4500,51000,,
"LJ25, GATES LEARJET, 25",25,LJ25,Landplane,Light,4500,51000,,
LJ31,31,LJ31,Landplane,Medium,4100,51000,,
LJ31 LEARJET 31,31,LJ31,Landplane,Medium,4100,51000,,
"LJ31, GATES LEARJET, 31",31,LJ31,Landplane,Medium,4100,51000,,
"LJ31, LEARJET, 31",31,LJ31,Landplane,Medium,4100,51000,,
LJ35,35,LJ35,Landplane,Medium,3500,45000,,
LJ35 GATES LEARJET 35,35,LJ35,Landplane,Medium,3500,45000,,
"LJ35, GATES LEARJET, 35",35,LJ35,Landplane,Medium,3500,45000,,
"LJ35, LEARJET, 35",35,LJ35,Landplane,Medium,3500,45000,,
"LJ36, LEARJET, 36",36,LJ35,Landplane,Medium,3500,45000,,
LR35,35,LJ35,Landplane,Medium,3500,45000,,
LJ40,40,LJ40,Landplane,Medium,3000,51000,,
"LJ40, LEARJET, 40",40,LJ40,Landplane,Medium,3000,51000,,
LJ45,45,LJ45,Landplane,Medium,3000,51000,,
LJ45 LEARJET 45,45,LJ45,Landplane,Medium,3000,51000,,
"LJ45, LEARJET, 45",45,LJ45,Landplane,Medium,3000,51000,,
LJ55,55,LJ55,Landplane,Medium,3300,51000,,
"LJ55, GATES LEARJET, 55",55,LJ55,Landplane,Medium,3300,51000,,
LJ60,60,LJ60,Landplane,Medium,3600,51000,,
"LJ60, LEARJET, 60",60,LJ60,Landplane,Medium,3600,51000,,
LR60,60,LJ60,Landplane,Medium,3600,51000,,
LJ70,70,LJ70,Landplane,Medium,3000,51000,,
"LJ70, BOMBARDIER LEARJET, LEARJET 70",70,LJ70,Landplane,Medium,3000,51000,,
LJ75,75,LJ75,Landplane,Medium,3000,51000,,
"LJ75, BOMBARDIER LEARJET, LEARJET 75",75,LJ75,Landplane,Medium,3000,51000,,
LNC2,Lancair 200,LNC2,Landplane,Light,1300,18000,,
"LNC2, LANCAIR, Lancair 200",Lancair 200,LNC2,Landplane,Light,1300,18000,,
"LS2, HAT, LS-2",LS-2,LS2,Landplane,Light,600,,,
"LUL6, LUCAS, L-6",L-6,LUL6,Landplane,Light,600,19000,,
M200,200 Commander 200,M200,Landplane,Light,1200,18500,,
M20P,200,M20P,Landplane,Light,1000,20000,,
"M20P, AEROSTAR (1), 200",200,M20P,Landplane,Light,1000,20000,,
"M20P, MOONEY, 201",201,M20P,Landplane,Light,1000,20000,,
"M20P,200",200,M20P,Landplane,Light,1000,20000,,
MO20,M-20,M20P,Landplane,Light,1000,20000,,
"MO20, Mooney, MO20",M-20,M20P,Landplane,Light,1000,20000,,
"MO20,MO20",M-20,M20P,Landplane,Light,1000,20000,,
M20T,231,M20T,Landplane,Light,1200,25000,,
M20T MOONEY 231,231,M20T,Landplane,Light,1200,25000,,
"M20T, MOONEY, 231",231,M20T,Landplane,Light,1200,25000,,
"M22, MOONEY, M-22",231,M20T,Landplane,Light,1200,25000,,
MAUL,Astro Rocket,M4,Landplane,Light,1000,19000,,
M7,Comet,M7,Landplane,Light,1500,20000,,
"M7, MAULE, Comet",Comet,M7,Landplane,Light,1500,20000,,
"MC10, COLOMBAN, Cricri",Cricri,MC10,Landplane,Light,1000,12100,,
"MC10, COLOMBAN, MC-12 Cricri",MC-10 Cricri,MC10,Landplane,Light,1000,12100,,
MC12,MC-12 Cricri,MC10,Landplane,Light,1000,12100,,
MD11,MD-11,MD11,Landplane,Heavy,3000,43200,,
MD11 MCDONNELL DOUGLAS MD-11,MD-11,MD11,Landplane,Heavy,3000,43200,,
"MD11, BOEING, MD-11",MD-11,MD11,Landplane,Heavy,3000,43200,,
"MD11, MCDONNELL DOUGLAS, MD-11",MD-11,MD11,Landplane,Heavy,3000,43200,,
"MD11,MD-11",MD-11,MD11,Landplane,Heavy,3000,43200,,
"MD52, BOEING, MD-520N",MD-520N,MD52,Helicopter,Light,1600,14175,,
"MD52, MD HELICOPTERS, MD-520N",MD-520N,MD52,Helicopter,Light,1600,14175,,
MD80,MD-81,MD81,Landplane,Medium,3000,37000,,
"MD81, BOEING, MD-81",MD-81,MD81,Landplane,Medium,3000,37000,,
"MD81, MCDONNELL DOUGLAS, MD-81",MD-81,MD81,Landplane,Medium,3000,37000,,
MD82,MD-82,MD82,Landplane,Medium,3000,37000,,
"MD82, BOEING, MD-82",MD-82,MD82,Landplane,Medium,3000,37000,,
"MD82, MCDONNELL DOUGLAS, MD-82",MD-82,MD82,Landplane,Medium,3000,37000,,
MD83,MD-83,MD83,Landplane,Medium,3000,37000,,
MD83 BOEING MD-83,MD-83,MD83,Landplane,Medium,3000,37000,,
"MD83, BOEING, MD-83",MD-83,MD83,Landplane,Medium,3000,37000,,
"MD83, MCDONNELL DOUGLAS, MD-83",MD-83,MD83,Landplane,Medium,3000,37000,,
"MD83, SHANGHAI, MD-83",MD-83,MD83,Landplane,Medium,3000,37000,,
MD88,MD-88,MD88,Landplane,Medium,3000,37000,,
MD88 BOEING MD-88,MD-88,MD88,Landplane,Medium,3000,37000,,
"MD88, BOEING, MD-88",MD-88,MD88,Landplane,Medium,3000,37000,,
"MD88, MCDONNELL DOUGLAS, MD-88",MD-88,MD88,Landplane,Medium,3000,37000,,
MD90,MD-90,MD90,Landplane,Medium,3000,37000,,
"MD90, BOEING, MD-90",MD-90,MD90,Landplane,Medium,3000,37000,,
"MD90, MCDONNELL DOUGLAS, MD-90",MD-90,MD90,Landplane,Medium,3000,37000,,
"MU2, MITSUBISHI, LR-1",LR-1,MU2,Landplane,Light,2100,33200,,
"MU30, MITSUBISHI, Diamond",Diamond,MU30,Landplane,Medium,3000,,,
"NAVI, NORTH AMERICAN, Navion",Navion,NAVI,Landplane,Light,1000,15000,,
"NAVI, RYAN, Navion",Navion,NAVI,Landplane,Light,1000,15000,,
NG5,Bristell,NG5,Landplane,Light,,,,
"OVOD, VITEK, Ovod",Ovod,OVOD,Landplane,Light,,,,
P06T,P-2006T,P06T,Landplane,Light,800,14000,,
P06T TECNAM P2006T,P-2006T,P06T,Landplane,Light,800,14000,,
P180,Avanti,P180,Landplane,Light,2200,41000,,
"P180, PIAGGIO, Avanti",Avanti,P180,Landplane,Light,2200,41000,,
"P19, AVIAMILANO, P-19 Scricciolo",P-19 Scricciolo,P19,Landplane,Light,400,10200,,
p28,PA-28-180TG Cherokee Chief,P28A,Landplane,Light,600,16800,,
P28A,PA-28-180TG Cherokee Chief,P28A,Landplane,Light,600,16800,,
P28A PIPER PA-28-180TG Cherokee Chief,PA-28-180TG Cherokee Chief,P28A,Landplane,Light,600,16800,,
"P28A, AICSA, Archer 2",Archer 2,P28A,Landplane,Light,600,16800,,
"P28A, AICSA, Cherokee (PA-28-140/180)",Cherokee (PA-28-140/180),P28A,Landplane,Light,600,16800,,
"P28A, AICSA, Cherokee Archer",Cherokee Archer,P28A,Landplane,Light,600,16800,,
"P28A, AICSA, Cherokee Warrior 2",Cherokee Warrior 2,P28A,Landplane,Light,600,16800,,
"P28A, AICSA, PA-28-140 Cherokee",PA-28-140 Cherokee,P28A,Landplane,Light,600,16800,,
"P28A, PIPER, PA-28-180TG Cherokee Chief",PA-28-180TG Cherokee Chief,P28A,Landplane,Light,600,16800,,
"P28A,PA-28-180TG Cherokee Chief",PA-28-180TG Cherokee Chief,P28A,Landplane,Light,600,16800,,
pa28,Cherokee (PA-28-140/150/160/180),P28A,Landplane,Light,600,16800,,
PA28 Piper Cherokee,Cherokee (PA-28-140/150/160/180),P28A,Landplane,Light,600,16800,,
"PA28, Piper, Cherokee",Cherokee (PA-28-140/150/160/180),P28A,Landplane,Light,600,16800,,
"PA28,Cherokee",Cherokee (PA-28-140/150/160/180),P28A,Landplane,Light,600,16800,,
PO28A,Cherokee (PA-28-140/150/160/180),P28A,Landplane,Light,600,16800,,
P28B,Cherokee (PA-28-235),P28B,Landplane,Light,900,19500,,
"P28B, AICSA, Cherokee (PA-28-235)",Cherokee (PA-28-235),P28B,Landplane,Light,900,19500,,
P28R,Cherokee Arrow,P28R,Landplane,Light,700,16200,,
"P28R, AICSA, Cherokee Arrow",Cherokee Arrow,P28R,Landplane,Light,700,16200,,
"P28R, CHINCUL, Arrow 3",Arrow 3,P28R,Landplane,Light,700,16200,,
"P28T, AICSA, PA-28RT-201T Turbo Arrow 4",PA-A-28RT-201 Arrow 4,P28T,Landplane,Light,900,16200,,
P3,EP-3 Orion,P3,Landplane,Medium,1700,28300,,
"P3, KAWASAKI, EP-3 Orion",EP-3 Orion,P3,Landplane,Medium,1700,28300,,
"P3, KAWASAKI, Orion",Orion,P3,Landplane,Medium,1700,28300,,
"P3, KAWASAKI, P-3 Orion",P-3 Orion,P3,Landplane,Medium,1700,28300,,
"P3, LOCKHEED, AP-3 Orion",AP-3 Orion,P3,Landplane,Medium,1700,28300,,
"P32R, AICSA, Lance",Lance,P32R,Landplane,Light,1000,20000,,
"P32R, AICSA, PA-32R-300 Lance",PA-32R-300 Lance,P32R,Landplane,Light,1000,20000,,
P46T,DLX,P46T,Landplane,Light,1500,30000,,
"P46T, JETPROP, DLX",DLX,P46T,Landplane,Light,1500,30000,,
"P46T, PIPER, Malibu Meridian",Malibu Meridian,P46T,Landplane,Light,1500,30000,,
"P46T,DLX",DLX,P46T,Landplane,Light,1500,30000,,
"P60, POTTIER, Minacro",Minacro,P60,Landplane,Light,1000,,,
P68,Observer,P68,Landplane,Light,1400,20000,,
"P68, PARTENAVIA, Observer",Observer,P68,Landplane,Light,1400,20000,,
P8,P-8 Poseidon,P8,Landplane,Medium,3000,40999,,
P8 ,P-8 Poseidon,P8,Landplane,Medium,3000,40999,,
"P8, BOEING, P-8 Poseidon",P-8 Poseidon,P8,Landplane,Medium,3000,40999,,
P80,P-80,P80,Landplane,Light,300,,,
"P80, POTTIER, P-80",P-80,P80,Landplane,Light,300,,,
"PA12, PIPER, PA-12 Super Cruiser",PA-12 Super Cruiser,PA12,Landplane,Light,500,12600,,
"PA14, PIPER, Family Cruiser",Family Cruiser,PA14,Landplane,Light,600,14800,,
N744,Super Cub,PA18,Landplane,Light,1000,14600,,
"PA18, AIRFRAMES-DAKOTA CUB, Super 18",Super 18,PA18,Landplane,Light,1000,14600,,
"PA18, PIPER, L-18C Super Cub",L-18C Super Cub,PA18,Landplane,Light,1000,14600,,
"PA20, PIPER, PA-20 Pacer",PA-20 Pacer,PA20,Landplane,Light,600,16500,,
"PA22, PIPER, Caribbean",Caribbean,PA22,Landplane,Light,1000,16500,,
PA23,Jet Profile,PA23,Landplane,Light,1000,17200,,
"PA23, MILLER (1), Jet Profile",Jet Profile,PA23,Landplane,Light,1000,17200,,
"PA23, PIPER, Apache",Apache,PA23,Landplane,Light,1000,17200,,
P24A,PA-24 Comanche,PA24,Landplane,Light,1100,19500,,
PA24,Comanche,PA24,Landplane,Light,1100,19500,,
PA24 PIPER Comanche,Comanche,PA24,Landplane,Light,1100,19500,,
"PA24, PIPER, Comanche",Comanche,PA24,Landplane,Light,1100,19500,,
"PA27, CHINCUL, Aztec",Aztec,PA27,Landplane,Light,1500,24000,,
PA30,PA-30 Twin Comanche,PA30,Landplane,Light,1500,20000,,
"PA30, AICSA, PA-30 Twin Comanche",PA-30 Twin Comanche,PA30,Landplane,Light,1500,20000,,
PA31,Chieftain,PA31,Landplane,Light,1500,26300,,
"PA31, AICSA, Chieftain",Chieftain,PA31,Landplane,Light,1500,26300,,
"PA31, AICSA, Navajo",Navajo,PA31,Landplane,Light,1500,26300,,
"PA31, COLEMILL, Panther 2",Panther 2,PA31,Landplane,Light,1500,26300,,
PA32,PA-32 Cherokee Six,PA32,Landplane,Light,800,16000,,
PA32 AICSA PA-32 Cherokee Six,PA-32 Cherokee Six,PA32,Landplane,Light,800,16000,,
"PA32, AICSA, Cherokee Six",Cherokee Six,PA32,Landplane,Light,800,16000,,
"PA32, AICSA, PA-32 Saratoga",PA-32 Saratoga,PA32,Landplane,Light,800,16000,,
PA34,PA-34 Seneca,PA34,Landplane,Light,1300,25000,,
"PA34, AICSA, PA-34 Seneca",PA-34 Seneca,PA34,Landplane,Light,1300,25000,,
"PA34,TM-20 Flamingo 3",TM-20 Flamingo 3,PA34,Landplane,Light,1300,25000,,
PA38,PA-38 Tomahawk,PA38,Landplane,Light,600,13000,,
"PA38, AICSA, PA-38 Tomahawk",PA-38 Tomahawk,PA38,Landplane,Light,600,13000,,
"PA38, AICSA, Tomahawk",Tomahawk,PA38,Landplane,Light,600,13000,,
PA44,PA-44 Seminole,PA44,Landplane,Light,1100,20000,,
PA44 AICSA PA-44 Seminole,PA-44 Seminole,PA44,Landplane,Light,1100,20000,,
"PA44, AICSA, PA-44 Seminole",PA-44 Seminole,PA44,Landplane,Light,1100,20000,,
"PA44, AICSA, Seminole",Seminole,PA44,Landplane,Light,1100,20000,,
"PA44, PIPER, PA-44 Seminole",PA-44 Seminole,PA44,Landplane,Light,1100,20000,,
"PA44, PIPER, Seminole",Seminole,PA44,Landplane,Light,1100,20000,,
PA46,Malibu,PA46,Landplane,Light,1000,25000,,
"PA46, PIPER, Malibu",Malibu,PA46,Landplane,Light,1000,25000,,
"PAT4, NEIVA, NE-821 Caraja",NE-821 Caraja,PAT4,Landplane,Light,1300,24000,,
PAY1 PIPER PA-31T1-500 Cheyenne 1,PA-A-31T1-500 Cheyenne 1,PAY1,Landplane,Light,2200,31000,,
"PAY1, CHINCUL, Cheyenne 1",Cheyenne 1,PAY1,Landplane,Light,2200,31000,,
PAY2,PA-31T-620 Cheyenne,PAY2,Landplane,Light,2400,31600,,
PAY2 PIPER PA-31T-620 Cheyenne,PA-31T-620 Cheyenne,PAY2,Landplane,Light,2400,31600,,
"PAY2, AICSA, Cheyenne 2",Cheyenne 2,PAY2,Landplane,Light,2400,31600,,
"PAY2, AICSA, PA-31T-620 Cheyenne 2",PA-31T-620 Cheyenne 2,PAY2,Landplane,Light,2400,31600,,
PAY3,Cheyenne 3,PAY3,Landplane,Light,2400,36000,,
"PAY3, AICSA, Cheyenne 3",Cheyenne 3,PAY3,Landplane,Light,2400,36000,,
pc12,Eagle,PC12,Landplane,Light,1300,35000,,
PC12 PILATUS Eagle,Eagle,PC12,Landplane,Light,1300,35000,,
"PC12, PILATUS, Eagle",Eagle,PC12,Landplane,Light,1300,35000,,
"PC12, PILATUS, PC-12",PC-12,PC12,Landplane,Light,1300,35000,,
"PC12, PILATUS, PC-12 Eagle",PC-12 Eagle,PC12,Landplane,Light,1300,35000,,
"PC12, PILATUS, U-28",U-28,PC12,Landplane,Light,1300,35000,,
"PC12,Eagle",Eagle,PC12,Landplane,Light,1300,35000,,
PC24,PC-24,PC24,Landplane,Medium,3300,45000,,
PO60,60 Sauterelle,PO60,Landplane,Light,400,11500,,
"PO60, POTEZ, 60",60 Sauterelle,PO60,Landplane,Light,400,11500,,
PRM1,390 Premier 1,PRM1,Landplane,Light,3000,41000,,
"PRM1, HAWKER BEECHCRAFT, 390 Premier 1",390 Premier 1,PRM1,Landplane,Light,3000,41000,,
"PRM1, RAYTHEON, 390 Premier 1",390 Premier 1,PRM1,Landplane,Light,3000,41000,,
"PRM1,390 Premier 1",390 Premier 1,PRM1,Landplane,Light,3000,41000,,
"PZ4M, PZL-OKECIE, Wilga 2000",Wilga 2000,PZ4M,Landplane,Light,600,11600,,
R22,Beta,R22,Helicopter,Light,800,14000,,
"R22, ROBINSON, Beta",Beta,R22,Helicopter,Light,800,14000,,
"R22, ROBINSON, R-22",R-22,R22,Helicopter,Light,800,14000,,
"R22, ROBINSON, R-22 Mariner",R-22 Mariner,R22,Helicopter,Light,800,14000,,
"R22,Beta",Beta,R22,Helicopter,Light,800,14000,,
R44,Astro,R44,Helicopter,Light,800,14000,,
R44 ROBINSON Astro,Astro,R44,Helicopter,Light,800,14000,,
"R44, ROBINSON, Astro",Astro,R44,Helicopter,Light,800,14000,,
"R44, ROBINSON, Clipper",Clipper,R44,Helicopter,Light,800,14000,,
"R44, ROBINSON, R-44 Astro",R-44 Astro,R44,Helicopter,Light,800,14000,,
"R44, ROBINSON, R-44 Raven",R-44 Raven,R44,Helicopter,Light,800,14000,,
"R44,Astro",Astro,R44,Helicopter,Light,800,14000,,
R66,R-66,R66,Helicopter,Light,800,14000,,
"R66, ROBINSON, R-66",R-66,R66,Helicopter,Light,800,14000,,
"RV10, VAN'S, RV-10",RV-10,RV10,Landplane,Light,1600,24000,,
RV12,RV-12,RV12,Landplane,Light,800,13800,,
RV4,RV-4,RV4,Landplane,Light,1600,19500,,
"RV4, VAN'S, RV-4",RV-4,RV4,Landplane,Light,1600,19500,,
"RV4T, VAN'S, RV-4T",RV-4T,RV4T,Landplane,Light,2000,28600,,
RV6,Air Beetle,RV6,Landplane,Light,1200,21000,,
"RV6, AIEP, Air Beetle",Air Beetle,RV6,Landplane,Light,1200,21000,,
"RV6, VAN'S, RV-6",RV-6,RV6,Landplane,Light,1200,21000,,
"RV7, VAN'S, RV-7",RV-7,RV7,Landplane,Light,2000,22500,,
RV8,RV-8,RV8,Landplane,Light,2200,22500,,
"RV8, VAN'S, RV-8",RV-8,RV8,Landplane,Light,2200,22500,,
"RV9, VAN'S, RV-9",RV-9,RV9,Landplane,Light,1600,19000,,
"RYST, RYAN, PT-20",PT-20,RYST,Landplane,Light,600,17200,,
"S1, INTERSTATE, L-6 Cadet",L-6 Cadet,S1,Landplane,Light,1200,,,
S108,108 Station Wagon,S108,Landplane,Light,600,16500,,
"S108, STINSON, 108 Station Wagon",108 Station Wagon,S108,Landplane,Light,600,16500,,
"S108, STINSON, Voyager (108)",Voyager (108),S108,Landplane,Light,600,16500,,
S22T,SR-22T,S22T,Landplane,Light,1000,25000,,
S22T Cirrus SR22,SR-22T,S22T,Landplane,Light,1000,25000,,
"S22T, Cirrus, SR22",SR-22T,S22T,Landplane,Light,1000,25000,,
"S330, SCHWEIZER, 330",330,S330,Helicopter,Light,1100,13000,,
"S360, AEROSPATIALE, Dauphin",Dauphin,S360,Helicopter,Light,1400,15100,,
"S61, SIKORSKY, CH-124 Sea King",CH-124 Sea King,S61,Helicopter,Medium,1800,14700,,
"S64, SIKORSKY, CH-54 Tarhe",CH-54 Tarhe,S64,Helicopter,Medium,1100,10600,,
"S65C, AEROSPATIALE, Dauphin 2 (SA-365C)",Dauphin 2 (SA-365C),S65C,Helicopter,Light,1100,8600,,
S76,S-76,S76,Helicopter,Light,1400,15000,,
"S76, KEYSTONE, S-76",S-76,S76,Helicopter,Light,1400,15000,,
"S76, SIKORSKY, AUH-76",AUH-76,S76,Helicopter,Light,1400,15000,,
"S76, SIKORSKY, S-76",S-76,S76,Helicopter,Light,1400,15000,,
"S76, SIKORSKY, S-76 Spirit",S-76 Spirit,S76,Helicopter,Light,1400,15000,,
"S76, SIKORSKY, Spirit",Spirit,S76,Helicopter,Light,1400,15000,,
"S76,AUH-76",AUH-76,S76,Helicopter,Light,1400,15000,,
SK76,S-76 Spirit,S76,Helicopter,Light,1400,15000,,
S92,Helibus,S92,Helicopter,Medium,1300,15000,,
"S92, SIKORSKY, Helibus",Helibus,S92,Helicopter,Medium,1300,15000,,
"SA11, STITS, Playmate",Playmate,SA11,Landplane,Light,1300,17500,,
"SB20, SAAB, 2000",2000,SB20,Landplane,Medium,1800,31000,,
"SBR1, NORTH AMERICAN, CT-39 Sabreliner",CT-39 Sabreliner,SBR1,Landplane,Medium,2900,45000,,
SF34,340,SF34,Landplane,Medium,2000,50900,,
"SF34, SAAB, 340",340,SF34,Landplane,Medium,2000,50900,,
"SF34, SAAB-FAIRCHILD, SF-340",SF-340,SF34,Landplane,Medium,2000,31000,,
SF50,Vision,SF50,Landplane,Light,,28000,,
"SF50, Cirrus , Vision Jet",Vision,SF50,Landplane,Light,,28000,,
SH33,330,SH33,Landplane,Medium,1000,,,
"SH33, SHORT, 330",330,SH33,Landplane,Medium,1000,,,
"SH33, SHORT, C-23 Sherpa",C-23 Sherpa,SH33,Landplane,Medium,1000,,,
"SH33,Sherpa",Sherpa,SH33,Landplane,Medium,1000,,,
SH36,360,SH36,Landplane,Medium,1400,,,
SH36 SHORT 360,360,SH36,Landplane,Medium,1400,,,
"SH36, SHORT, 360",360,SH36,Landplane,Medium,1400,,,
"SH36, SHORT, SD3-60",SD3-60,SH36,Landplane,Medium,1400,,,
"SH36,360",360,SH36,Landplane,Medium,1400,,,
"SHIP, (any manufacturer), Airship",Airship,SHIP,Airship,Light,,,,
"SIRA, TECNAM, P-2002",P-2002,SIRA,Landplane,Light,700,14000,,
"SK70, STARKRAFT, SK-700",SK-700,SK70,Landplane,Light,,,,
SLG2,Sling 2,SLG2,Landplane,Light,800,15000,,
SLING LSA,Sling LSA,SLG2,Landplane,Light,800,15000,,
SLG4,Sling 4,SLG4,Landplane,Light,600,15000,,
SONX,Sonex,SONX,Landplane,Light,800,,,
"SPOR, AMAX, Sport 1700",Sport 1700,SPOR,Landplane,Light,700,14000,,
sr20,SR-20,SR20,Landplane,Light,700,17500,,
SR20 CIRRUS SR-20 SRV,SR-20 SRV,SR20,Landplane,Light,700,17500,,
"SR20, CIRRUS, SR-20",SR-20,SR20,Landplane,Light,700,17500,,
"SR20, CIRRUS, SR-20 SRV",SR-20 SRV,SR20,Landplane,Light,700,17500,,
"SR20, CIRRUS, SRV",SRV,SR20,Landplane,Light,700,17500,,
"SR20,SR-20 SRV",SR-20 SRV,SR20,Landplane,Light,700,17500,,
SR22,SR-22,SR22,Landplane,Light,1100,17500,,
SR22 CIRRUS SR-22,SR-22,SR22,Landplane,Light,1100,17500,,
"SR22, CIRRUS, SR-22",SR-22,SR22,Landplane,Light,1100,17500,,
"SU26, SUKHOI, Su-26",Su-26,SU26,Landplane,Light,2800,12100,,
"SU7, SUKHOI, Su-7",Su-7,SU7,Landplane,Medium,5000,59100,,
SUCO,209 SuperCobra,SUCO,Helicopter,Medium,800,14700,,
"SW2, SWEARINGEN, Merlin 2",Merlin 2,SW2,Landplane,Light,2200,29000,,
SW3,Fairchild 300,SW3,Landplane,Light,2200,31000,,
"SW3, FAIRCHILD (1), Fairchild 300",Fairchild 300,SW3,Landplane,Light,2200,31000,,
"SW3, FAIRCHILD (1), Merlin 3",Merlin 3,SW3,Landplane,Light,2200,31000,,
RC26,RC-26 Metro,SW4,Landplane,Light/Medium,2400,31000,,
SW4,SA-227CC Metro,SW4,Landplane,Light/Medium,2400,31000,,
SW4 FAIRCHILD (1) SA-227CC Metro,SA-227CC Metro,SW4,Landplane,Light/Medium,2400,31000,,
"SW4, FAIRCHILD (1), C-26 Metro",C-26 Metro,SW4,Landplane,Light/Medium,2400,31000,,
"SW4, FAIRCHILD (1), Expediter",Expediter,SW4,Landplane,Light/Medium,2400,31000,,
"SW4, FAIRCHILD (1), Merlin 4",Merlin 4,SW4,Landplane,Light/Medium,2400,31000,,
"SW4, FAIRCHILD (1), SA-227AC Metro",SA-227AC Metro,SW4,Landplane,Light/Medium,2400,31000,,
"SW4, FAIRCHILD (1), SA-227CC Metro",SA-227CC Metro,SW4,Landplane,Light/Medium,2400,31000,,
"SW4, FAIRCHILD SWEARINGEN, Merlin 4",Merlin 4,SW4,Landplane,Light/Medium,2400,31000,,
"SYMP, SYMPHONY, SA-160 Symphony",SA-160 Symphony,SYMP,Landplane,Light,700,16400,,
T1,T-1,T1,Landplane,Light,5000,45900,,
"T1, FUJI, T-1",T-1,T1,Landplane,Light,5000,45900,,
"T2, NORTH AMERICAN, Buckeye",Buckeye,T2,Landplane,Light,4700,45500,,
T206,Stationair TC,T206,Landplane,Light,900,27000,,
"T28, HAMILTON, Nomair",Nomair,T28,Landplane,Light,3200,39000,,
T34P,45 Mentor,T34P,Landplane,Light,1400,18600,,
"T34P, BEECH, 45 Mentor",45 Mentor,T34P,Landplane,Light,1400,18600,,
"T34P, BEECH, Mentor",45 Mentor,T34P,Landplane,Light,1400,18600,,
"T34T, BEECH, T-34C Turbo Mentor",T-34C Turbo Mentor,T34T,Landplane,Light,1100,25000,,
T38,AT-38 Talon,T38,Landplane,Light,5000,53600,,
"T38, NORTHROP, AT-38 Talon",AT-38 Talon,T38,Landplane,Light,5000,53600,,
"T38, NORTHROP, T-38 Talon",T-38 Talon,T38,Landplane,Light,5000,53600,,
"T38, NORTHROP, Talon",Talon,T38,Landplane,Light,5000,53600,,
"T411, KHRUNICHEV, T-411 Wolverine",T-411 Wolverine,T411,Landplane,Light,1100,9800,,
T6,Harvard,T6,Landplane,Light,1000,24200,,
"T6, CCF, Harvard",Harvard,T6,Landplane,Light,1000,24200,,
"T6, NORTH AMERICAN, AT-6 Texan",AT-6 Texan,T6,Landplane,Light,1000,24200,,
"T6, NORTH AMERICAN, T-6 Texan",AT-6 Texan,T6,Landplane,Light,1000,24200,,
TB20,Trinidad,TB20,Landplane,Light,1000,20000,,
"TB20, TRINADAD, TOBAGO",Trinidad,TB20,Landplane,Light,1000,20000,,
"TB21, TRINIDAD, TRINIDAD",Trinidad TC,TB21,Landplane,Light,600,25000,,
"TB30, AEROSPATIALE, Epsilon",Epsilon,TB30,Landplane,Light,1500,23000,,
TBM7,TBM-700A,TBM7,Landplane,Light,1900,31000,,
TBM7 SOCATA TBM-700,TBM-700A,TBM7,Landplane,Light,1900,31000,,
"TBM7, SOCATA, TBM-700",TBM-700A,TBM7,Landplane,Light,1900,31000,,
"TBM8, SOCATA, TBM-850",TBM-850,TBM8,Landplane,Light,1900,31000,,
TBM9,TBM-900,TBM9,Landplane,Light,1300,31000,,
"TBM9, Daher-Socata, TBM-900",TBM-900,TBM9,Landplane,Light,1300,31000,,
TEX2,3000 Harvard 2,TEX2,Landplane,Light,3600,31000,,
TEX2 RAYTHEON 3000 Harvard 2,3000 Harvard 2,TEX2,Landplane,Light,3600,31000,,
"TEX2, HAWKER BEECHCRAFT, T-6 Texan 2",AT-6 Texan 2,TEX2,Landplane,Light,3600,31000,,
"TEX2, RAYTHEON, 3000 Harvard 2",3000 Harvard 2,TEX2,Landplane,Light,3600,31000,,
"TEX2, RAYTHEON, Harvard 2",Harvard 2,TEX2,Landplane,Light,3600,31000,,
"TEX2, RAYTHEON, T-6 Texan 2",T-6 Texan 2,TEX2,Landplane,Light,3600,31000,,
"TEX2, RAYTHEON, Texan 2",Texan 2,TEX2,Landplane,Light,3600,31000,,
"TEX2,3000 Harvard 2",3000 Harvard 2,TEX2,Landplane,Light,3600,31000,,
TX2,Texan 2,TEX2,Landplane,Light,3600,31000,,
"TIGR, EUROCOPTER, EC-665 Tiger",EC-665 Tiger,TIGR,Helicopter,Light,1800,11500,,
"TNAV, CAMAIR, Twin Navion",Twin Navion,TNAV,Landplane,Light,1800,20000,,
TOBA,TB-10 Tobago,TOBA,Landplane,Light,800,16000,,
UH1,AB-204,UH1,Helicopter,Light,1400,19400,,
UH1 AGUSTA AB-204,AB-204,UH1,Helicopter,Light,1400,19400,,
"UH1, AGUSTA, AB-204",AB-204,UH1,Helicopter,Light,1400,19400,,
"UH1, AIDC, UH-1",UH-1,UH1,Helicopter,Light,1400,19400,,
"UH1, BELL, 204",204,UH1,Helicopter,Light,1400,19400,,
"UH1, BELL, 205",205,UH1,Helicopter,Light,1400,19400,,
Unknown,Unknown,Unknown,Unknown,Unknown,,,,
"Unknown, Unknown, Unknown",Unknown,Unknown,Unknown,Unknown,,,,
V10,Bronco,V10,Landplane,Light,2000,30000,,
CB22,CV-22 Osprey,V22,Tiltrotor,Medium,1900,26000,,
"CV22, Bell Helicopter, CV-22",CV-22 Osprey,V22,Tiltrotor,Medium,1900,26000,,
MV22,MV-22 Osprey,V22,Tiltrotor,Medium,1900,26000,,
V22,901 Osprey,V22,Tiltrotor,Medium,1900,26000,,
"V22, BELL, 901 Osprey",901 Osprey,V22,Tiltrotor,Medium,1900,26000,,
"V22, BELL, CV-22 Osprey",CV-22 Osprey,V22,Tiltrotor,Medium,1900,26000,,
"V22, BELL, MV-22 Osprey",MV-22 Osprey,V22,Tiltrotor,Medium,1900,26000,,
VF35,F-35B Lightning II,VF35,Landplane,Medium,15000,50000,,
"VF60, VULCANAIR, Mission",Mission,VF60,Landplane,Light,700,20000,,
"WW24, IAI, 1124 Sea Scan",1124 Sea Scan,WW24,Landplane,Medium,4000,45000,,
"WW24, IAI, 1124 Westwind",1124 Westwind,WW24,Landplane,Medium,4000,45000,,
"XL2, LIBERTY (2), XL-2",XL-2,XL2,Landplane,Light,600,12500,,
"ZZZZ, (any manufacturer), Aircraft type not (yet) assigned a designator",Aircraft type not (yet) assigned a designator,ZZZZ,Unknown,Unknown,,,,
